cebada,-62.18270350648757,-36.447308623761586
cebada,-62.177431,-36.446095
cebada,-62.04107575887997,-36.54340719718174
cebada,-62.00320631401431,-36.70746557663648
cebada,-62.068197927486416,-36.54823384074832
cebada,-62.07498298112665,-36.49103623632946
cebada,-61.793568255178,-36.65076867618654
cebada,-62.178146738925655,-36.3470952759292
cebada,-62.07841005085077,-36.506720205380105
cebada,-62.131830747197924,-36.483710896388594
cebada,-62.11945357172491,-36.444374467445144
cebada,-62.078325055338304,-36.50672485370973
cebada,-62.154889774837905,-36.53906461124063
cebada,-61.834928886987925,-36.69323998136475
cebada,-62.17757239996643,-36.39938852464951
cebada,-62.09707334458471,-36.43155670250065
cebada,-62.105211,-36.428548
cebada,-62.10985830139765,-36.42936969810508
cebada,-62.13377580083473,-36.42572642543965
cebada,-62.08510556975079,-36.55922165964787
cebada,-62.07320318693599,-36.505164972089325
cebada,-62.15340793448106,-36.52800837366696
cebada,-62.06803898903445,-36.548360205184906
cebada,-62.066832800451834,-36.50198082362674
cebada,-62.24683047186278,-36.36523475682494
cebada,-62.25293924941752,-36.35918573492952
cebada,-62.177651682908255,-36.45765213001539
cebada,-62.1435581787953,-36.534187989715285
cebada,-62.115498564296324,-36.47461667307699
cebada,-62.150568349605344,-36.46405420628134
cebada,-62.09911903218522,-36.42714747612596
cebada,-62.17214223961788,-36.45978852010876
cebada,-61.996114875962995,-36.715030087346086
cebada,-62.2025040398196,-36.363516916793806
cebada,-62.182653897313216,-36.447370384814654
cebada,-62.05090547967492,-36.5459980909001
cebada,-62.05372968458004,-36.50083197229458
cebada,-62.11197435767191,-36.514933636331534
cebada,-62.10937478878505,-36.51815084541754
cebada,-62.066850857545724,-36.5020000844163
cebada,-62.16603050318266,-36.47541255244819
cebada,-62.06817125377822,-36.54829796130933
cebada,-62.06682947158773,-36.5019203585198
cebada,-62.07751215492704,-36.50564811267822
cebada,-62.076924999999996,-36.506150999999996
cebada,-62.07661538889076,-36.50641411110949
cebada,-62.075806,-36.507113
cebada,-62.07462582518554,-36.508112458553676
cebada,-62.073923,-36.508705
cebada,-62.083782915102766,-36.56939882482352
cebada,-62.00394758579807,-36.637784533334255
cebada,-62.109446372777285,-36.518153269233956
cebada,-62.24678876503857,-36.628823631737525
cebada,-62.2515954177457,-36.36042869038681
cebada,-62.06974338784416,-36.49306045870485
cebada,-62.26038565658243,-36.62277708763986
cebada,-62.257401276239285,-36.62408827254762
cebada,-62.17945676474549,-36.4761631168135
cebada,-62.10998933321249,-36.42855268288652
cebada,-62.09907753699403,-36.427160856557705
cebada,-62.00676731282235,-36.640082430829274
cebada,-62.17191030115052,-36.461462001354235
cebada,-62.066838183376,-36.547364560385546
cebada,-62.06969011616671,-36.54618335858528
cebada,-62.07173666505055,-36.54727515047867
cebada,-62.06975356485059,-36.54773524975805
cebada,-62.07050600002532,-36.54607674997105
cebada,-62.07024313692214,-36.54573653728613
cebada,-62.31320837090279,-36.2874536626926
cebada,-62.17376574601402,-36.40265056505499
cebada,-62.1720547759423,-36.47937049205143
cebada,-62.30912431725275,-36.39447421583879
cebada,-62.19418371076149,-36.38044249469616
cebada,-62.04756737195286,-36.53803315987612
cebada,-62.144317301939466,-36.490493058933936
cebada,-62.140220946478784,-36.46377685634206
cebada,-62.22705540498229,-36.35364264472306
cebada,-62.18259600789834,-36.44735548150343
cebada,-62.09829103408456,-36.51980092465202
cebada,-62.06973585686398,-36.4930187179575
cebada,-62.07485599784621,-36.49110998048532
cebada,-62.08108314372851,-36.56339671844855
cebada,-62.318036257875946,-36.37989569594987
cebada,-62.30825404310482,-36.39341031505629
cebada,-62.194247301699235,-36.381514966835205
cebada,-62.23539015140353,-36.34721240449459
cebada,-62.17601073733284,-36.462939936469496
cebada,-62.079748342648664,-36.55832408336814
cebada,-62.0812433943742,-36.56375807323641
cebada,-62.1550783653713,-36.470678937798624
cebada,-62.09827151383888,-36.519822854580596
cebada,-62.13267001467949,-36.47344385602436
cebada,-62.096467120128516,-36.53168871791956
cebada,-62.17029154772477,-36.46293284578429
cebada,-62.14425083938097,-36.49044629692854
cebada,-62.11629226138735,-36.31501811375438
cebada,-62.084360351613945,-36.56898382823641
cebada,-62.227127158485494,-36.35355843869829
cebada,-62.227127158485494,-36.35355843869829
cebada,-62.184747019425096,-36.4615005498974
cebada,-62.069536095522906,-36.49289633857701
cebada,-62.08111841326363,-36.57154440017777
cebada,-62.08315212440875,-36.57180213213087
cebada,-62.17454128430351,-36.39707853994223
cebada,-62.14886717298579,-36.49043032494733
cebada,-62.17708677293249,-36.46427611719897
cebada,-62.17356574628519,-36.461570819989035
cebada,-62.17972542930758,-36.46556107888612
cebada,-62.187022563971226,-36.46204215793366
cebada,-61.98470297972456,-36.44485800236085
cebada,-62.10994566324145,-36.42855790756531
cebada,-62.09912410400882,-36.42713169405585
cebada,-62.10024855369352,-36.46668839266276
cebada,-62.09405855957758,-36.4677835676712
cebada,-61.98470812988648,-36.44487556533967
cebada,-62.146499793416496,-36.4578774463447
cebada,-62.15349807116319,-36.52790202104042
cebada,-62.097237879842,-36.561147222742576
cebada,-62.09704300193268,-36.43142831605307
cebada,-62.044199775846664,-36.54083519161565
cebada,-62.18250050861012,-36.44739318281904
cebada,-62.11794852338276,-36.31477865325455
cebada,-62.117336652734224,-36.31813653299129
cebada,-62.11559114992399,-36.31196190248613
cebada,-62.111997990165904,-36.3114987890339
cebada,-62.09906104208455,-36.427204437044566
cebada,-62.110052412658774,-36.42808421334291
cebada,-62.0991164299278,-36.46669028114931
cebada,-62.11926159467817,-36.444216969834606
cebada,-62.10990716774475,-36.428663401486745
cebada,-62.24253996224065,-36.61259425168148
cebada,-62.07955804576136,-36.547770909306806
cebada,-62.081082694073594,-36.56340901443487
cebada,-62.17627840315163,-36.46329853826194
cebada,-62.15068215348057,-36.46403960126995
cebada,-61.76662072885953,-36.674243361584765
cebada,-62.088224283931744,-36.53837152827991
cebada,-62.045858481931795,-36.4932443135172
cebada,-62.170212651984706,-36.46286040372203
cebada,-62.06828694203752,-36.54825633195981
cebada,-62.091895254971774,-36.53519257758139
cebada,-62.17608268940109,-36.463151596601385
cebada,-61.98469793373399,-36.44485900819553
cebada,-62.17750571514907,-36.34616767560098
cebada,-62.18218691586157,-36.35274812378875
cebada,-62.08538606995076,-36.558852759677684
cebada,-62.17772063806415,-36.45757843613737
cebada,-62.155908630283555,-36.49293156113346
cebada,-62.26033201706728,-36.62286035809694
cebada,-62.01125293554569,-36.519384830193246
cebada,-62.19335350953297,-36.380783163664944
cebada,-62.06813999602149,-36.548304429899964
cebada,-62.154931313750744,-36.53903892158198
cebada,-62.17204595834511,-36.479370004582144
cebada,-62.09716674658868,-36.56113051772879
cebada,-62.09704915178775,-36.43144702163683
cebada,-62.05839972853179,-36.49051707689834
cebada,-62.08537746984683,-36.56041942024923
cebada,-62.116492600067055,-36.31614166247937
cebada,-62.14028064705259,-36.46376386873624
cebada,-61.77634782431561,-36.640920895488044
cebada,-62.0965712257037,-36.53170397667185
cebada,-62.091194199053604,-36.510066272695106
cebada,-62.11124606464299,-36.51482820160097
cebada,-62.23530329936779,-36.347235664874134
cebada,-62.17120425822179,-36.31779809676686
colza,-62.069205000000004,-36.49775533333333
colza,-62.073782999999985,-36.49692366666666
colza,-62.065462999999994,-36.50055
colza,-62.069658,-36.502885
colza,-62.068915999999994,-36.502725
colza,-62.068144999999994,-36.502891
colza,-62.06782646822733,-36.494071858139016
colza,-62.065805,-36.501536
colza,-62.0669,-36.502753
colza,-62.068062999999995,-36.5039565
colza,-62.075137999999995,-36.498011
colza,-62.073744999999995,-36.498201
colza,-62.072485,-36.497319666666655
colza,-62.07042,-36.497505
colza,-62.072357999999994,-36.49944
colza,-62.072173,-36.499231
colza,-62.06923415922422,-36.497193232381285
colza,-62.06672323318927,-36.500990990860224
colza,-62.07489630601095,-36.497682765027335
colza,-62.066171,-36.501484999999995
colza,-62.06603825727537,-36.5006263020728
colza,-62.066075,-36.500268
colza,-62.065958138731816,-36.50265437676227
colza,-62.06503259838883,-36.50199431894352
colza,-62.063627529516694,-36.500448680680634
colza,-62.066428605943216,-36.50317696782728
colza,-62.072357999999994,-36.49944
colza,-62.07042,-36.497505
colza,-62.072485,-36.497319666666655
colza,-62.073744999999995,-36.498201
colza,-62.075137999999995,-36.498011
colza,-62.067028,-36.50083
colza,-62.06782646822733,-36.494071858139016
colza,-62.066668862760054,-36.50100738761113
colza,-62.066171,-36.501484999999995
colza,-62.063627529516694,-36.500448680680634
colza,-62.065958138731816,-36.50265437676227
colza,-62.06503259838883,-36.50199431894352
colza,-62.068062999999995,-36.5039565
colza,-62.0669,-36.502753
colza,-62.065805,-36.501536
colza,-62.068144999999994,-36.502891
colza,-62.068915999999994,-36.502725
colza,-62.07489630601095,-36.497682765027335
colza,-62.069658,-36.502885
colza,-62.065462999999994,-36.50055
colza,-62.069205000000004,-36.49775533333333
colza,-62.073782999999985,-36.49692366666666
colza,-62.06603825727537,-36.5006263020728
colza,-62.066075,-36.500268
colza,-62.06923415922422,-36.497193232381285
colza,-62.066428605943216,-36.50317696782728
colza,-62.072173,-36.499231
girasol,-62.29961128676712,-36.29705883591576
girasol,-62.32442621459991,-36.37494502475415
girasol,-62.15020812808251,-36.514970181705785
girasol,-62.032719406903496,-36.53421880488652
girasol,-61.74327471294158,-36.65956504916179
girasol,-62.29045263845204,-36.31083650988939
girasol,-62.18523298395014,-36.34574431726192
girasol,-62.308922077800325,-36.37711393702717
girasol,-61.996135454698845,-36.71499266496871
girasol,-62.1722561880688,-36.46330708824063
girasol,-62.09123316385078,-36.55217552475066
girasol,-62.26007025077148,-36.62225998606029
girasol,-62.139736928309176,-36.526130371880946
girasol,-62.09549401712416,-36.55506869996088
girasol,-62.17589448337917,-36.34555187389734
girasol,-62.05152973440397,-36.54172999242029
girasol,-61.75143107427201,-36.644831976141134
girasol,-61.75159118542995,-36.649038680859796
girasol,-61.7519085,-36.6493455
girasol,-62.11789214260126,-36.44240869228584
girasol,-62.18525672767181,-36.34570117326219
girasol,-62.135682869447685,-36.529587627392814
girasol,-62.079539742433674,-36.547762929964044
girasol,-62.01223105614233,-36.63558891977506
girasol,-62.04781519101438,-36.54874188067506
girasol,-62.12004676987578,-36.44702558809804
girasol,-62.12065502204699,-36.442594449203774
girasol,-62.119547992748544,-36.44183382583515
girasol,-61.73879666023149,-36.66156533379912
girasol,-62.164508779952,-36.48573476147697
girasol,-62.1350105218084,-36.47256981007854
girasol,-62.13656423626422,-36.49654575146448
girasol,-62.2603164054173,-36.622754632527744
girasol,-62.25393944841286,-36.621696905788085
girasol,-62.001052947068324,-36.63532314563963
girasol,-61.999889333333336,-36.63867066666667
girasol,-62.324442323711395,-36.37494883909408
girasol,-62.11760028826448,-36.51214038876898
girasol,-62.11140767168375,-36.55991411652692
girasol,-62.28356946420245,-36.30420022996992
girasol,-62.08722927170582,-36.52674100587308
girasol,-62.10971526417173,-36.51858676644723
girasol,-62.24253782815978,-36.612571350105014
girasol,-62.1561623807031,-36.53111560713443
girasol,-62.15015260331424,-36.9379922557493
girasol,-62.15879603128994,-36.95237035836772
girasol,-62.14391052715697,-36.94317553088234
girasol,-62.16229358667934,-36.9342329697217
girasol,-62.145942286672536,-36.94814101443685
girasol,-62.09932170993452,-36.50335036929198
girasol,-62.118158329442984,-36.44539018151528
girasol,-62.075757101991115,-36.53671777361121
girasol,-62.00104310157596,-36.63537413862745
girasol,-62.15616885014008,-36.513255451211236
girasol,-62.158875250000776,-36.51737610000015
girasol,-62.047529155008036,-36.53803055792195
girasol,-62.152436850813324,-36.54249638174921
girasol,-61.7244605,-36.669528
girasol,-61.722011343915334,-36.667472
girasol,-61.73310709392728,-36.658819414273175
girasol,-61.725735321824416,-36.66289517064523
girasol,-61.730575462581285,-36.6656217336076
girasol,-61.72764534020441,-36.665302422680156
girasol,-61.73471080747739,-36.66313334886518
girasol,-61.72306615606439,-36.66834692453085
girasol,-61.723478,-36.668631
girasol,-61.723698999999996,-36.668819
girasol,-61.72475068627452,-36.669763980392155
girasol,-62.101519697692275,-36.54281337518995
girasol,-61.73120401163928,-36.6670501119307
girasol,-62.04499594769775,-36.5076182525345
girasol,-62.044186255554955,-36.54084530968868
girasol,-62.32790865409044,-36.372280327946605
girasol,-62.106685579239254,-36.47084185463387
girasol,-62.01212489688247,-36.635650419186575
girasol,-62.04108425668027,-36.54339650520468
girasol,-62.260222756759205,-36.622261289747506
girasol,-62.09944624789656,-36.503469158869244
girasol,-62.07913633592836,-36.53068554787193
girasol,-62.135682869447685,-36.529587627392814
girasol,-62.11135324305428,-36.55992774688319
girasol,-62.313049534707446,-36.37612973707605
girasol,-62.105908899156724,-36.468768003627986
girasol,-62.156193832146016,-36.51326181385052
girasol,-62.11131995068639,-36.55996383301972
girasol,-61.7650473623498,-36.6730277211278
girasol,-62.047583514693436,-36.5380025761693
girasol,-61.83492217257477,-36.69324321891607
girasol,-62.06121059415715,-36.49212951457919
girasol,-62.09188666814461,-36.47679108953542
,-62.319576516694674,-36.37103854009315
,-61.962303130374806,-36.53976668527931
,-61.74350155598739,-36.65930816284912
maiz,,
maiz,,
maiz,-62.099397995973966,-36.50341059041987
maiz,-62.06207057688432,-36.55239898728738
maiz,-62.00521888025512,-36.513947845746074
maiz,-62.01797357165935,-36.51171910355865
maiz,-62.11159851840553,-36.49226337437302
maiz,-62.074935430010534,-36.54449989081297
maiz,-62.11189150973477,-36.55993379154916
maiz,-62.12570156602152,-36.483702913374565
maiz,-62.18161891719069,-36.47075172289163
maiz,-62.179958634266754,-36.466014628215056
maiz,-61.98327936861368,-36.45302729603828
maiz,-62.31609752031557,-36.373524666446954
maiz,-62.185561505361456,-36.466260621695476
maiz,-62.17348954483326,-36.454739722199584
maiz,-62.050929554228624,-36.50228859822682
maiz,-62.10936473503947,-36.494717236203286
maiz,-62.101891725772354,-36.4844916416033
maiz,-62.05089847639951,-36.54591169020113
maiz,-62.16736908189996,-36.397461362165615
maiz,-61.79519731953742,-36.651867206342125
maiz,-62.15245023197596,-36.54249433004678
maiz,-62.14362836346002,-36.52286060710498
maiz,-62.04431984226742,-36.55153825570045
maiz,-62.17087216323145,-36.400412039498036
maiz,-62.04427275482065,-36.5516103158052
maiz,-62.088919485648574,-36.555616401589596
maiz,-62.16725750435776,-36.39748012873759
maiz,-62.08454756358954,-36.48858063940615
maiz,-62.09178742986151,-36.55101436886182
maiz,-62.10913809243911,-36.50774362936235
maiz,-61.97532920480535,-36.44838587001113
maiz,-62.111369935971105,-36.55990313164017
maiz,-62.109194688129364,-36.54224164333462
maiz,-62.11064739848523,-36.50664938459725
maiz,-61.983392032848215,-36.45300078790293
maiz,-62.064605625796126,-36.48334431741791
maiz,-62.07498709620133,-36.54448068368927
maiz,-62.075030747000106,-36.55221465804132
maiz,-62.17092185719973,-36.400481750430615
maiz,-62.15615894982867,-36.53109334406961
maiz,-61.83635875670377,-36.69465535832173
maiz,-62.07559666760416,-36.56657916637747
maiz,-62.07159004094565,-36.558344271177106
maiz,-62.17681294594111,-36.453783688392754
maiz,-62.10424993260701,-36.49797357226739
maiz,-62.322904334873044,-36.36818770049463
maiz,-62.05573844991271,-36.49890163064918
maiz,-62.08780400929569,-36.5260172047122
maiz,-62.088963548122486,-36.555666375034356
maiz,-62.06702145015496,-36.49585354377864
maiz,-62.1017816000624,-36.541517319306706
maiz,-62.12050303724632,-36.4853237819697
maiz,-62.151884256592886,-36.46038824989829
maiz,-62.23316730052747,-36.62111898628207
maiz,-62.16380955646527,-36.395533832054504
maiz,-62.13305439199341,-36.49918088482503
maiz,-62.16822986710465,-36.39621227619435
maiz,-62.135677609783144,-36.52961901634013
maiz,-62.13405609139651,-36.48738938134697
maiz,-62.311911226390094,-36.289841315237055
maiz,-61.98341224464941,-36.45301193525983
maiz,-62.07360670747741,-36.49751369808523
maiz,-62.062367568580875,-36.494655149141224
maiz,-62.122195261750704,-36.551273982461915
maiz,-62.19190180720484,-36.383674235093906
maiz,-62.15863575784743,-36.46757357230698
maiz,-62.10413141716766,-36.56570401236562
maiz,-62.08696314415314,-36.492837951606795
maiz,-62.10270271360819,-36.54762143026026
maiz,-62.135014431454316,-36.47255060138165
maiz,-62.115500854529046,-36.42572346456436
maiz,-62.060900203379106,-36.49498280081963
maiz,-62.03626988990649,-36.53126421824673
maiz,-62.08295475755623,-36.56420921799191
maiz,-62.037506221231155,-36.51430105797865
maiz,-62.10626009322472,-36.417210021830336
maiz,-61.83550771665644,-36.69373188059415
maiz,-62.074981366291794,-36.55212656842843
maiz,-61.977527249438886,-36.575089870494615
maiz,-62.11469000454972,-36.490107717773405
maiz,-62.10413141716766,-36.56570401236562
maiz,-62.08944773237944,-36.50114915544638
maiz,-62.088612194028094,-36.49446349255225
maiz,-62.10421943310048,-36.497948232323346
maiz,-62.09971008250222,-36.526587611759744
maiz,-61.98933205760743,-36.448232971583074
maiz,-62.109789035226214,-36.47821321187275
maiz,-62.115525538974886,-36.425655195523255
maiz,-62.167738,-36.3945
maiz,-62.16390140920934,-36.39554787919871
maiz,-62.12214171819641,-36.42009828446194
maiz,-62.14026701562224,-36.46374813645547
maiz,-62.10261226780098,-36.54772275619428
maiz,-62.09172241588823,-36.55068316136526
maiz,-62.10162771942877,-36.51465343227623
maiz,-62.200112139247345,-36.36588449385083
maiz,-62.20397291725307,-36.360190476296445
maiz,-62.12013889875766,-36.31241857759058
maiz,-62.097473166539295,-36.561448220738164
maiz,-62.15174755624222,-36.48371754996208
maiz,-62.094262887454356,-36.47869983593402
maiz,-62.091237275268256,-36.55210665100024
maiz,-62.12629200204283,-36.49391016366004
maiz,-62.08764191919193,-36.489136040404055
maiz,-62.09228921573494,-36.494304821093706
maiz,-62.19202107137482,-36.383627636019426
maiz,-62.11126476037935,-36.4210586506313
maiz,-62.08514916177415,-36.50237788482377
maiz,-62.11559789978576,-36.54607156333189
maiz,-62.12944708589505,-36.49954596437116
maiz,-62.160988845699165,-36.47915970783858
maiz,-62.298382956044094,-36.30059164847158
maiz,-62.29770011982515,-36.29258997078943
maiz,-62.04560010050316,-36.507063401418925
maiz,-62.16799595246973,-36.47321400817099
maiz,-62.10977565102694,-36.478210028288956
maiz,-62.07506796394954,-36.563085916125196
maiz,-62.0755610496548,-36.55571164944073
maiz,-62.067886331200576,-36.4826422667713
maiz,-62.16100381766658,-36.47915699097601
maiz,-62.104375645602836,-36.43137188950038
maiz,-62.10389108343869,-36.52347252871529
maiz,-62.15191941160019,-36.460392749286164
maiz,-62.09433064420227,-36.478694845634486
maiz,-62.151730794288056,-36.48375443507282
maiz,-62.010850358082614,-36.63449256745218
maiz,-61.965839112867855,-36.57478145583766
maiz,-62.11136190252325,-36.55992124350456
maiz,-62.05150544511248,-36.541676682217066
maiz,-62.10373097680268,-36.43026424058198
maiz,-62.074784551440956,-36.56354952158993
maiz,-62.12174051940765,-36.428842705087646
maiz,-62.00600102606532,-36.515756057770716
maiz,-62.01801495612515,-36.51180591046719
maiz,-62.09941807333593,-36.505312126612566
maiz,-62.15224012631901,-36.484152093897904
maiz,-62.050932840200986,-36.545976683908535
maiz,-62.115490734112214,-36.42564719276463
maiz,-62.139191405459286,-36.49236531888463
maiz,-62.18350520671968,-36.47016953283541
maiz,-61.97736625169002,-36.57508209403121
maiz,-62.12830362716512,-36.49223815256275
maiz,-62.10348593614365,-36.537375139149
maiz,-62.17000978244074,-36.39462664151187
maiz,-62.088899471131015,-36.505951543778835
maiz,-62.17507989880922,-36.401769014652864
maiz,-62.11660925841411,-36.416832999991094
maiz,-62.24954578644858,-36.6310312719663
maiz,-62.30488064333224,-36.295601195022584
maiz,-62.17515548551956,-36.399868636434924
maiz,-62.17946001735721,-36.46110964546211
maiz,-61.975367178053006,-36.44835275513293
maiz,-62.089401294441835,-36.47481014806041
maiz,-62.11556972772119,-36.546057716703565
maiz,-62.15418285645013,-36.51809597122345
maiz,-62.24951839365842,-36.63100230872256
maiz,-62.253949999999996,-36.637285999999996
maiz,-62.12221775516357,-36.551273090278166
maiz,-61.97895931655695,-36.450199959197704
maiz,-62.17955821728447,-36.45143577661564
maiz,-62.13559458526706,-36.52955336628161
maiz,-62.11946176500009,-36.49830799995347
maiz,-62.15591051808792,-36.492888246086885
maiz,-62.15615535322593,-36.51326965337639
maiz,-62.18232414684045,-36.472186293062386
maiz,-62.09701886808294,-36.43145874753733
maiz,-62.1919815463299,-36.38366007113397
maiz,-62.12170720138398,-36.4287945374178
maiz,-62.200112139247345,-36.36588449385083
maiz,-62.20397291725307,-36.360190476296445
maiz,-61.795098412009246,-36.65181617702012
maiz,-62.102703683795895,-36.54766728320217
maiz,-62.14369174723145,-36.52290189751809
maiz,-62.174545641694856,-36.397069324983114
maiz,-62.154347781471664,-36.471174341599685
maiz,-62.15245130856632,-36.47316482240375
maiz,-62.143747019540946,-36.52290685899534
maiz,-61.974378082477166,-36.57280474672994
maiz,-62.0375631719552,-36.54634257860122
maiz,-62.09341005867138,-36.49684376168142
maiz,-62.15459374734279,-36.51840377038626
maiz,-62.07911432005002,-36.499668787188604
maiz,-62.11843591974013,-36.500468521715234
maiz,-62.132963406064945,-36.49908620724982
maiz,-62.11481241519364,-36.490209721035114
maiz,-62.11173621073023,-36.49250922831454
maiz,-62.12029661318225,-36.312859839612884
maiz,-62.18350520671968,-36.47016953283541
maiz,-62.17313224457013,-36.4541194128028
maiz,-62.17946001735721,-36.46110964546211
maiz,-62.04495354553227,-36.50762774270944
maiz,-62.06196742341874,-36.552275184447204
maiz,-62.10761635416198,-36.4302824365872
maiz,-61.97894535591405,-36.45011376880474
maiz,-62.1524533534466,-36.47315503316671
maiz,-62.09947413688033,-36.503420696619884
maiz,-62.13566599425265,-36.529612538525335
maiz,-62.03637128847401,-36.531367840335925
maiz,-62.147183854295356,-36.531734150263325
maiz,-62.07769705362965,-36.484176776917764
maiz,-62.120518406526514,-36.485320895626955
maiz,-62.009763360179726,-36.64247517634432
maiz,-62.00638035546875,-36.63097083959753
maiz,-62.06945136719577,-36.557028281348984
maiz,-62.015218912305706,-36.63789940292285
maiz,-62.121664159529374,-36.42879279195327
maiz,-61.973317284991886,-36.601638031950685
maiz,-61.97492463479107,-36.593583118888056
maiz,-62.17635229888754,-36.40046979960142
maiz,-62.081073018548345,-36.483660680638835
maiz,-62.18872329020801,-36.45808249509816
maiz,-62.189710950540736,-36.45596747268718
maiz,-62.10383273183506,-36.52342973153508
maiz,-62.00681936229288,-36.64006874907728
maiz,-61.98926041624027,-36.448227790376464
maiz,-62.11101677346979,-36.42126976046131
maiz,-62.11842474028864,-36.500480502802795
,-62.16074401455768,-36.40021114115958
soja,,
soja,,
soja,,
soja,,
soja,-62.03932051635122,-36.49758986617912
soja,-61.978970842715064,-36.45017332850798
soja,-61.98339111121187,-36.453026385398196
soja,-62.1440130477726,-36.490395376208355
soja,-62.10158193042895,-36.51469324428433
soja,-62.14275070946511,-36.53488852310393
soja,-61.97454801444706,-36.44605981221473
soja,-61.98491023519973,-36.44977135669155
soja,-62.14403149737925,-36.479760828702275
soja,-62.15397806125753,-36.383695368412646
soja,-62.14760169674971,-36.3854194306648
soja,-62.14835432380955,-36.384600813333314
soja,-62.11114567649771,-36.42122094996995
soja,-62.080519701677844,-36.48676501194446
soja,-62.078152355981295,-36.481515112317624
soja,-62.08718184670698,-36.483856018128016
soja,-62.08430857787298,-36.4842332978283
soja,-62.08506653093415,-36.48447509496477
soja,-62.15620506359454,-36.51328067620676
soja,-61.99682621524732,-36.712419170649206
soja,-62.19424942784416,-36.38149035093344
soja,-62.06464128789579,-36.48331746395913
soja,-62.04115681906152,-36.543364276174316
soja,-62.09432351591918,-36.478747920394525
soja,-62.12783596155231,-36.422851973469854
soja,-62.17721900835082,-36.45504616082314
soja,-62.0929289283448,-36.57893077626896
soja,-62.09989844841737,-36.57294176617198
soja,-62.10601850630132,-36.417266325498936
soja,-62.15866081083058,-36.46758815632685
soja,-62.17398000109464,-36.39962332487482
soja,-62.17209310283163,-36.402552865931916
soja,-62.31608496689921,-36.37351438618518
soja,-62.03950521920614,-36.49755241405158
soja,-62.18868014577773,-36.45810924301867
soja,-62.17069697934271,-36.31903633121878
soja,-62.15942328920563,-36.53881306188356
soja,-62.09119911237916,-36.552115006181815
soja,-62.17203306200567,-36.47934753726224
soja,-62.18439086278518,-36.47117164614437
soja,-62.1421973601818,-36.48176226482269
soja,-62.091883174727805,-36.53517605724671
soja,-62.15072270824333,-36.52535733210262
soja,-62.23610390767546,-36.62678098596445
soja,-62.25213482751914,-36.35991517461721
soja,-62.15625671547024,-36.38924290466338
soja,-62.16686540454063,-36.466625156682646
soja,-62.00977518885588,-36.642489125133054
soja,-61.966235003696156,-36.57491677642518
soja,-61.966155475458116,-36.570120227006704
soja,-62.168516104211136,-36.45791973640139
soja,-62.144690288767606,-36.406683370452036
soja,-62.10385590796971,-36.52349884754071
soja,-62.17115550784328,-36.46333196094487
soja,-62.03959388335007,-36.49757927430573
soja,-62.09188479728056,-36.535163731484325
soja,-62.097229747348,-36.56112659488223
soja,-61.99772976755281,-36.71370453479388
soja,-61.9873847676426,-36.71901155470452
soja,-61.9873228947349,-36.72162554479866
soja,-61.98734619009316,-36.72488854038316
soja,-61.98978883158654,-36.72552591809292
soja,-61.99137812499999,-36.71846610000001
soja,-61.99144828124756,-36.71872239062563
soja,-61.991892333333325,-36.71842866666666
soja,-62.25800882483091,-36.62308861037984
soja,-62.2479945,-36.6224955
soja,-62.24846466666665,-36.622133
soja,-62.12916448728245,-36.42235379653039
soja,-62.10192188521592,-36.48448541518964
soja,-62.15251589086642,-36.542458344165695
soja,-62.14886652335599,-36.53514993931135
soja,-62.17869571305399,-36.34713546452443
soja,-62.04109023791871,-36.543421243298326
soja,-62.19040508341015,-36.45354548341481
soja,-61.97997057227061,-36.572179020740144
soja,-61.770464440873724,-36.63697455898986
soja,-62.087944206114294,-36.57692563711718
soja,-62.0837468172173,-36.56941776641569
soja,-62.065527896761,-36.49931030103955
soja,-62.1402733585677,-36.46376315567381
soja,-62.050872009808344,-36.54595745007903
soja,-62.15423499024047,-36.51809846316134
soja,-62.09910828641084,-36.42713508467696
soja,-62.17464330618199,-36.40011503504625
soja,-62.11708044037894,-36.446456617483626
soja,-62.08515604948827,-36.53061878737562
soja,-62.103489533787474,-36.53735970097594
soja,-62.18522663885561,-36.345724137363625
soja,-62.079503874136,-36.54789577958299
soja,-62.1563181753176,-36.513344767404774
soja,-62.11005492546454,-36.51826082615808
soja,-62.25769126495534,-36.61817591749031
soja,-62.253175999999996,-36.618541
soja,-62.252891,-36.618776
soja,-62.25237849999999,-36.6191855
soja,-62.01132244884191,-36.514654626081544
soja,-62.17953101514427,-36.46110597584207
soja,-62.17489413175226,-36.46047555356653
soja,-62.11967589783431,-36.49992785666761
soja,-62.112181922194154,-36.50509653711935
soja,-62.11343863418074,-36.411229749183136
soja,-62.13512599291957,-36.4162949269655
soja,-62.184374063237364,-36.47121859605198
soja,-62.10873649255597,-36.419123163248685
soja,-62.10927924722992,-36.49468358765352
soja,-62.103466716836515,-36.53730343934854
soja,-62.07915446385934,-36.530678469288304
soja,-62.10915257422374,-36.542092810094644
soja,-62.07459928656552,-36.49120997831294
soja,-61.74155326809577,-36.65452367859381
soja,-62.24255901663167,-36.61252391691041
soja,-62.12570008351532,-36.483696910777134
soja,-62.10923958300416,-36.542200288378694
soja,-62.24050868241761,-36.62475627835713
soja,-62.08447235348395,-36.541577914997546
soja,-62.0681850196356,-36.54823157580645
soja,-62.07054896534132,-36.54048930051474
soja,-62.06491633333333,-36.540583999999996
soja,-62.065141,-36.540310999999996
soja,-62.036221829929985,-36.531291605445475
soja,-62.10920301505099,-36.518552652234916
soja,-62.17880678060787,-36.48243015215428
soja,-62.04883855516263,-36.4981964228445
soja,-62.09971008250222,-36.526587611759744
soja,-62.14464508148654,-36.40668032739062
soja,-62.133940484984315,-36.49898526338283
soja,-61.97726450529296,-36.59489322276035
soja,-62.12454531454653,-36.49467369080135
soja,-62.132463480586274,-36.48899411459296
soja,-62.18218354186229,-36.467684010655596
soja,-62.18102416666667,-36.46513216666666
soja,-62.121619364113826,-36.42883463592178
soja,-62.19186511722731,-36.38362437894615
soja,-62.07457344847184,-36.49119531684778
soja,-62.15174829809551,-36.483760641062034
soja,-62.17820814282967,-36.347126685032116
soja,-62.23555871885479,-36.347326953705796
soja,-62.081047273986485,-36.48356720048942
soja,-62.12920887582407,-36.42237168110589
soja,-62.12711089938663,-36.48128056713975
soja,-62.01664242606838,-36.51918800696066
soja,-62.152439438185766,-36.54248127598375
soja,-62.11469026083712,-36.49011853920588
soja,-62.07910189164607,-36.53066517998974
soja,-62.11311333364633,-36.47424357487077
soja,-62.18555026891205,-36.46624553633077
soja,-62.092135226703846,-36.549272666019434
soja,-62.10217080660067,-36.52511420970037
soja,-62.12172858771686,-36.428897010297526
soja,-62.11980633719182,-36.42297222465177
soja,-61.971864020548644,-36.57938627651525
soja,-62.0590394466302,-36.487979385279715
soja,-62.12700209370134,-36.48102337907841
soja,-62.084007210614985,-36.50768434845889
soja,-62.081766746755974,-36.501465470996756
soja,-62.11673735895272,-36.41778884746856
soja,-62.136039626404056,-36.48801635669027
soja,-62.15019443467568,-36.5149952876002
soja,-62.17044992888577,-36.39774400982738
soja,-62.047464007615794,-36.538094664102125
soja,-62.1298100981326,-36.42180747159671
soja,-62.12362782047021,-36.4240977572876
soja,-62.01435884072019,-36.51196851065779
soja,-62.08625393034643,-36.4948278658542
soja,-62.08418055121574,-36.50722264879118
soja,-62.0940203712706,-36.489870697012435
soja,-62.18374331084235,-36.45798833217207
soja,-62.17201670698799,-36.47934091964216
soja,-62.11663025819551,-36.41627393485932
soja,-62.31349383486972,-36.28740319251776
soja,-62.14485913892639,-36.471554428253015
soja,-62.14291252682213,-36.47064694726202
soja,-62.142336,-36.469846
soja,-62.14205399999999,-36.4696605
soja,-62.140678666666666,-36.46849866666666
soja,-62.14563382931442,-36.46795122021553
soja,-62.167240174463664,-36.47400323274869
soja,-62.10621341578112,-36.41724482896845
soja,-62.154152518740815,-36.51802766111338
soja,-62.0851180800498,-36.559148866593574
soja,-62.10175247068804,-36.52596741821787
soja,-62.17665317951901,-36.460517638703685
soja,-62.181027905420684,-36.461466358865245
soja,-62.11054965111399,-36.50656469853339
soja,-62.10628382937076,-36.417228335236224
soja,-62.12215440220886,-36.42055554441142
soja,-62.08784717994153,-36.52641207007882
soja,-62.13594484609674,-36.488025542594514
soja,-62.297673682982996,-36.292646709112134
soja,-62.1825545489258,-36.4472737816357
soja,-62.177406000000005,-36.44611833333333
soja,-62.08511265842739,-36.5592077910476
soja,-62.10411030322276,-36.56567957476793
soja,-62.1439894585599,-36.47978910083654
soja,-62.05418485124754,-36.54316952153373
soja,-62.1440126843779,-36.479760743790585
soja,-62.097315341199135,-36.57530821994865
soja,-62.11925822881183,-36.41678174148676
soja,-62.11512983063809,-36.473673854657584
soja,-62.25553028078513,-36.623959610511676
soja,-62.22887019112515,-36.35608444208614
soja,-62.22751385605236,-36.35355802331589
soja,-62.077560914969915,-36.50896682639042
soja,-62.08507845642766,-36.53063366630055
soja,-62.13155498927003,-36.42031393036952
soja,-62.18344302856234,-36.46037625903806
soja,-62.153847478382374,-36.53482913587385
soja,-62.14251644593584,-36.53443385143672
soja,-62.32123439739308,-36.37750291819997
soja,-62.137495131992104,-36.47455644781418
soja,-62.08535044427681,-36.507979547349336
soja,-62.11849991319834,-36.50049323974988
soja,-62.09091562102323,-36.56156150459506
soja,-62.09176702395633,-36.55073845507208
soja,-62.17137341341243,-36.461045055008654
soja,-62.06185296113045,-36.552973287137384
soja,-62.16002498944277,-36.3859001334134
soja,-62.172072549390926,-36.47937057068356
soja,-62.065527896761,-36.49931030103955
soja,-62.069921806122686,-36.56142741249565
soja,-62.06739546573679,-36.55312589444233
soja,-62.15449759478093,-36.49228822697804
soja,-62.18635792107336,-36.450538248509474
soja,-62.30488260351712,-36.29558133429313
soja,-61.97402266301823,-36.57912756706108
soja,-62.252030111109676,-36.36325066666664
soja,-62.19407946563654,-36.3804438147154
soja,-62.0291631035008,-36.53671608849651
soja,-61.77752841691874,-36.639381573723696
soja,-62.12518457890533,-36.505691984767125
soja,-62.08761614221819,-36.527039075969206
soja,-62.0884092483656,-36.526680746587864
soja,-62.12834146399386,-36.492211677216254
soja,-62.14139873319477,-36.53592868261166
soja,-62.160105256392455,-36.400939871039014
soja,-62.060513194910406,-36.545832782534845
soja,-61.972241757596024,-36.576247728667944
soja,-61.968005039802996,-36.57850325339448
soja,-62.0694710719621,-36.557076029244676
soja,-62.164603890038656,-36.48570398569334
soja,-62.10014566477049,-36.52659722041057
soja,-62.05817245708799,-36.488855453614406
soja,-62.25436997834686,-36.6218548019978
soja,-62.146523380338884,-36.457822311899044
soja,-62.14736228575274,-36.51986322122353
soja,-62.32293284677469,-36.36820220988627
soja,-62.24256502686583,-36.61259085799694
soja,-62.148188,-36.461155
soja,-62.150552185118904,-36.46414170813639
soja,-62.13773476576341,-36.42760320147893
soja,-62.09539807643571,-36.5197726082279
soja,-62.064692468813675,-36.551136042532946
soja,-62.06928811430903,-36.556914591333836
soja,-62.065259999999995,-36.551555
soja,-62.065675999999996,-36.551843
soja,-62.25458329152393,-36.35785574652464
soja,-62.246438389849104,-36.36450103955625
soja,-62.072929076013075,-36.55087418052333
soja,-62.114552013834135,-36.42582720909314
soja,-62.063454385723304,-36.49663763823696
soja,-62.08554137739074,-36.502615561108954
soja,-62.08071355331692,-36.49855576801194
soja,-62.07890713333329,-36.502536339799896
soja,-62.07813324114568,-36.50170078424079
soja,-62.081084845875615,-36.496054797392034
soja,-62.173481261654935,-36.45761361785556
soja,-62.16315233365534,-36.46086124582199
soja,-62.170863083487276,-36.46782580116207
soja,-62.16517311396011,-36.46381258689458
soja,-62.10178147272673,-36.52601034914107
soja,-62.126837660255546,-36.480318625930344
soja,-62.04106641019992,-36.543408314537444
soja,-62.10593897101442,-36.55330361515467
soja,-62.1712013081027,-36.3177865425029
soja,-62.053173801291365,-36.5004552875766
soja,-62.04270997875935,-36.51015471556492
soja,-62.03277305895689,-36.5185166284898
soja,-62.08793432424993,-36.505932093014295
soja,-62.0829639130892,-36.55690444640543
soja,-62.29066696263401,-36.39253530041034
soja,-62.171196200059725,-36.31780310662841
soja,-62.08922642684632,-36.5113505241569
soja,-62.12941576954915,-36.43471358630437
soja,-62.068149648241395,-36.54823211573722
soja,-62.10056672241855,-36.550244725364266
soja,-62.088865271685926,-36.55603772393847
soja,-62.141413946459686,-36.53601654933181
soja,-62.105750628568735,-36.432353731955025
soja,-62.10165387869587,-36.42900648934306
soja,-62.12500730901972,-36.505753237420535
soja,-62.01127576021308,-36.51469962044031
soja,-62.181252243307036,-36.4734762331239
soja,-62.24024702162777,-36.32785946398062
soja,-62.3244067116354,-36.37492336397838
soja,-62.15249082986779,-36.54251452548128
soja,-62.173701718120896,-36.48059899032515
soja,-61.77275504081713,-36.63760389254461
soja,-62.01171596715119,-36.519190223393174
soja,-62.004847519265674,-36.52112213977966
soja,-62.12295252353886,-36.4883009597199
soja,-62.12715624327344,-36.481211929490385
soja,-62.113213104645965,-36.50479130721131
soja,-62.10157401606826,-36.51470141232921
soja,-62.113540500207925,-36.438125100150366
soja,-62.081485910058994,-36.571554184762256
soja,-62.11007097456533,-36.428576751202854
soja,-62.23313034470644,-36.62107668774719
soja,-62.1562836077181,-36.38916374169722
soja,-62.1374271612623,-36.42752324132318
soja,-62.155911648299934,-36.49290642434848
soja,-62.15429978373932,-36.53488037049382
soja,-62.18691107469418,-36.46208141893444
soja,-62.11938617785195,-36.41680029571309
soja,-62.16080188180759,-36.400168835690664
soja,-62.182096303819506,-36.46766118702428
soja,-62.10376017099287,-36.43269248528256
soja,-62.0458694038055,-36.49322628378878
soja,-62.04896346445497,-36.4982833012218
soja,-62.09189290811097,-36.476784660786514
soja,-62.108751309376935,-36.51961323119319
soja,-62.16174306283894,-36.53425247479518
soja,-62.088036641985866,-36.52668190730631
soja,-62.05001912049432,-36.53859576311032
soja,-62.07034034501918,-36.54069388971188
soja,-62.07091624506982,-36.535855005032225
soja,-62.0853618334797,-36.5407210463239
soja,-62.31801071122426,-36.37988674314966
soja,-62.07457387581106,-36.49117915856159
soja,-62.12644137840158,-36.493954108680114
soja,-62.11533007651293,-36.42521114425496
soja,-62.115546726315735,-36.42795404093542
soja,-62.14622963671023,-36.45769276814292
soja,-62.15067947468274,-36.464277650940666
soja,-62.13992095705711,-36.46438561559444
soja,-62.07837911343047,-36.496517656284624
soja,-61.96585991356426,-36.574775778370196
soja,-62.18707982595912,-36.4619831510007
soja,-62.18970317725794,-36.45595443369862
soja,-62.155961517939545,-36.492930113208914
soja,-62.182591897401686,-36.44736391299516
soja,-62.12229041553889,-36.551325921567866
soja,-62.0441918235219,-36.540826041431444
soja,-62.09912272923016,-36.46669633474158
soja,-61.98766111848115,-36.72465337803195
soja,-62.085436143818164,-36.54055156192695
soja,-62.10393096916789,-36.523437957049495
soja,-62.099562171669994,-36.526630876500725
soja,-62.159284339048,-36.5387848855904
soja,-62.079597506714435,-36.547759606706784
soja,-62.132407247797296,-36.473187935164546
soja,-62.144686498676876,-36.406684200785705
soja,-62.119151866750684,-36.31895726083771
soja,-62.119048969582224,-36.317133054146154
soja,-62.117608000000004,-36.318175499999995
soja,-62.04420124598512,-36.54077672146172
soja,-62.084983889325834,-36.50817272202335
soja,-62.12566420386097,-36.426155968006654
soja,-62.15671504265964,-36.469921809589856
soja,-62.1451524141638,-36.46844380953337
soja,-62.08302758892629,-36.56424107987723
soja,-62.18553745708105,-36.46626853353437
soja,-62.07775515923103,-36.54746050895004
soja,-62.174572722013814,-36.397098012020535
soja,-62.11407558714609,-36.474617006195736
soja,-62.14301471609895,-36.52291534466814
soja,-61.83434836810868,-36.692797760219065
soja,-62.09794914959891,-36.568304855599784
soja,-62.07030755335062,-36.54050185694653
soja,-62.10220884969968,-36.4852437103839
soja,-61.98007312829575,-36.44100915620953
soja,-62.085083809105356,-36.55922277410918
soja,-62.09909237103697,-36.46673590153883
soja,-62.1941396123445,-36.380547629678524
soja,-62.05090933593553,-36.54602982461025
soja,-62.15628042227725,-36.38913248770887
soja,-62.04597376969569,-36.49377473819118
soja,-62.069066690554045,-36.494900485143035
soja,-62.0966634280553,-36.53182999493038
soja,-62.15925287876269,-36.386223525688386
soja,-62.152478312524586,-36.473208562580375
soja,-62.16005203636144,-36.48294338181561
soja,-62.16964190042481,-36.464245505419626
soja,-62.18875151430681,-36.458134347917046
soja,-62.23315710529121,-36.621115673568646
soja,-62.11797464624466,-36.41572110663204
soja,-62.12162821575196,-36.42558294802189
soja,-62.09591054576629,-36.56030137589779
soja,-62.15328541595888,-36.49062548012398
soja,-62.15644870247924,-36.47038741649291
soja,-62.083702650003154,-36.569426884134806
soja,-62.182591897401686,-36.44736391299516
soja,-62.11774407307232,-36.415733831345264
soja,-62.08942510661866,-36.47479691603035
soja,-62.1012622135202,-36.46965362125445
soja,-62.0954095,-36.4887735
soja,-62.09089734781865,-36.56560957212546
soja,-62.09601157177933,-36.54248926414815
soja,-62.104070891748485,-36.5424056030715
soja,-62.13565329978558,-36.52956609511712
soja,-62.07293192051032,-36.55088319489066
soja,-62.05814098411493,-36.488868101807896
soja,-62.15079611229954,-36.52542544579088
soja,-62.045874858073425,-36.49322444664348
soja,-62.068149648241395,-36.54823211573722
soja,-62.17373639890525,-36.40264937442068
soja,-62.08550143635391,-36.540544918396954
soja,-62.29343049147666,-36.394388381030026
soja,-62.09428985278073,-36.478714066835835
soja,-62.10411660941946,-36.565663888776214
soja,-62.13739451408193,-36.427554036890434
soja,-62.12214798020225,-36.420548028409655
soja,-62.267243389216446,-36.55057494531896
soja,-62.07725754636008,-36.506356630705035
soja,-62.08991293426758,-36.53201052927782
soja,-62.08983446068321,-36.53148089536976
soja,-62.09030733333333,-36.53121366666666
soja,-62.01966347132065,-36.524183249066844
soja,-61.9872382028558,-36.71907639816632
soja,-61.988322855722096,-36.72315153737749
soja,-61.997600739688004,-36.713829112365616
soja,-61.991125999999994,-36.718782999999995
soja,-62.15630725809425,-36.389138409153205
soja,-62.18706049244934,-36.461960224481466
soja,-62.13131540730767,-36.42114708871768
soja,-62.12677358268852,-36.4240755560174
soja,-62.128004547022464,-36.420287993747195
soja,-62.06210894069139,-36.55279157243909
soja,-62.16099030831808,-36.47911975591886
soja,-62.18022663941592,-36.47518103889609
soja,-62.04073209355178,-36.48460680780612
soja,-62.137829421266716,-36.427633791807715
soja,-62.11489604446081,-36.46758443590395
soja,-62.1206856850824,-36.31434780790489
soja,-62.09831281774305,-36.51980797344101
soja,-62.01121028128833,-36.51938379032661
soja,-62.155961517939545,-36.492930113208914
soja,-62.15999914054011,-36.385912628115285
soja,-62.17945425414826,-36.476083555048845
soja,-62.17684012863058,-36.34677529422721
soja,-62.18278002561675,-36.34829326588088
soja,-62.080182502023376,-36.56355168371847
soja,-62.077043402395134,-36.55644978087841
soja,-62.168234883102066,-36.46666895575422
soja,-62.12215353138246,-36.55125769653697
soja,-62.123109,-36.555806999999994
soja,-62.11904534016686,-36.414091826596305
soja,-62.0820396293254,-36.563156143186056
soja,-62.12648480754622,-36.42477177349261
soja,-62.24255145523184,-36.6125461431768
soja,-62.13515630339569,-36.416213887542376
soja,-62.290582217409415,-36.37817863193951
soja,-62.295508028535245,-36.37603494337537
soja,-62.103129469840326,-36.49722134224502
soja,-62.100289999999994,-36.494555
soja,-61.974065319555606,-36.56819365455707
soja,-61.98475848685247,-36.44487891976357
soja,-62.03939199352598,-36.49757719798578
soja,-62.1206856850824,-36.31434780790489
soja,-62.02916218314775,-36.53672262784727
soja,-62.08549762160769,-36.54052938491686
soja,-62.2353236198832,-36.347217304783214
soja,-62.17006437138195,-36.31997674276359
soja,-62.17173599075663,-36.31866100586134
soja,-62.155048437896596,-36.47063293142373
soja,-62.15252437963638,-36.48446759066483
soja,-62.15352883916868,-36.38432409423196
soja,-62.144431795387405,-36.49037558950049
soja,-62.139559504138056,-36.488429273892834
soja,-62.06051547731201,-36.545832415706386
soja,-62.099550716375404,-36.51525767588806
soja,-62.17458740379984,-36.46220873770478
soja,-62.147212408712264,-36.53171457041038
soja,-62.18335587612712,-36.34775557525396
soja,-62.15590360923321,-36.49291209843539
soja,-62.186058117421354,-36.46458385936445
soja,-62.14673113568058,-36.40448418333464
soja,-62.10284506888917,-36.430559046838674
soja,-62.10779663197642,-36.43393522004994
soja,-62.240525378881905,-36.62477407842252
soja,-62.15624928488875,-36.54560624356384
soja,-62.15918694370279,-36.54037752016267
soja,-62.115574383440894,-36.31533351201678
soja,-62.03945004157865,-36.4975522453184
soja,-61.98469997596397,-36.44486318904981
soja,-62.121686029666506,-36.42883354163296
soja,-62.06936734744331,-36.495552832328535
soja,-62.066881785485585,-36.502037482731026
soja,-62.093988641600454,-36.48986683652352
soja,-62.086235920287976,-36.494826248783575
soja,-62.08387770866897,-36.5073669150626
soja,-62.045744689274386,-36.49318602912195
soja,-62.05767308782968,-36.498321836286635
soja,-62.05450027803449,-36.4959956160335
soja,-62.093419451593945,-36.496859250090566
soja,-62.25237065876947,-36.35977503666916
soja,-62.247523,-36.3671155
soja,-62.247189999999996,-36.367401
soja,-62.10594528737263,-36.46887486743449
soja,-62.10300049999999,-36.475027
soja,-62.10250466666666,-36.47503066666667
soja,-62.10047093496346,-36.52583457432548
soja,-62.1111364380838,-36.42134319520285
soja,-62.2425443727083,-36.61253074328391
soja,-62.086820770204525,-36.509517299310716
soja,-62.17763684769879,-36.457676137879396
soja,-62.14470029209104,-36.40669168800153
soja,-62.046243251892406,-36.539099474993165
soja,-62.115799714711365,-36.411475995509875
soja,-62.09907865833367,-36.46676367793104
soja,-62.17462826790157,-36.40012819661483
soja,-62.15497374543804,-36.53900186612915
soja,-62.068277047618935,-36.54823969064554
soja,-62.09188018483534,-36.535165751901665
soja,-62.151923283881466,-36.46039740398416
soja,-62.08899348374735,-36.55563128828734
soja,-62.04430186727332,-36.551583232947216
soja,-62.09006691038141,-36.51210961553013
soja,-62.15933157036117,-36.46695395492195
soja,-61.97470829761547,-36.600502463833195
soja,-62.121693593469935,-36.42877840172191
soja,-62.10413959369991,-36.565721990092335
soja,-62.18625454911938,-36.45046257077176
soja,-62.101900205821885,-36.48444309842276
soja,-62.11470043592549,-36.49010500448637
soja,-62.113087380965375,-36.50468518897703
soja,-62.101731738525736,-36.51471693434656
soja,-62.10734133333333,-36.50531466666666
soja,-62.06819079340798,-36.548274053505544
soja,-62.03738525170183,-36.51401683807249
soja,-62.11758157374392,-36.512128199104424
soja,-62.01447258353867,-36.511986464397005
soja,-62.01670113707382,-36.52829104397088
soja,-62.14547036652932,-36.46180898122453
soja,-62.07911303415004,-36.53065120343947
soja,-62.11407070457992,-36.47462978531665
soja,-62.04413055276234,-36.540833802943595
soja,-62.14087003566204,-36.4926791643186
soja,-62.11328121282389,-36.4113435298191
soja,-61.97150918429167,-36.565599489634515
soja,-61.97405052980933,-36.568213535022046
soja,-62.06359319050766,-36.49740469747818
soja,-62.11737126894021,-36.51221013168215
soja,-62.17522131000383,-36.399699441091926
soja,-62.1043968492901,-36.43139551497329
soja,-62.1042677039106,-36.497970208189116
soja,-61.97230123952608,-36.56940167169782
soja,-61.97989909954843,-36.572182194535586
soja,-62.293196432620654,-36.30661668205236
soja,-62.11676398898987,-36.512008360111274
soja,-62.120253454374264,-36.484981969326405
soja,-62.10957550683295,-36.494787776149884
soja,-62.11005492546454,-36.51826082615808
soja,-62.111185269380734,-36.421233978343345
soja,-62.06729080483648,-36.55310850935263
soja,-62.06999412276638,-36.56147352803239
soja,-62.30461158856244,-36.28270681471177
soja,-62.165333876468566,-36.47652982924001
soja,-62.18259197848308,-36.44736469200682
soja,-62.09705606345178,-36.43142931254982
soja,-62.164583121596976,-36.48569117456725
soja,-62.09730576864423,-36.57531421949753
soja,-62.021447850893665,-36.524374161495686
soja,-62.04747056824953,-36.53796785177003
soja,-62.0439909916126,-36.55154307585735
soja,-62.140676876517205,-36.429524934978176
soja,-62.2362548077055,-36.62685059939205
soja,-62.234165999999995,-36.627223
soja,-62.234235,-36.627531
soja,-62.234030999999995,-36.627451
soja,-62.07484688774498,-36.50231337179174
soja,-62.09058664041152,-36.56576025663169
soja,-61.975895378909335,-36.57013275491481
soja,-61.96847037860616,-36.57775902403623
soja,-62.09090764788257,-36.56559565329401
soja,-62.106301301456014,-36.41723115027392
soja,-62.153913809696455,-36.487130466955364
soja,-62.15421015777905,-36.518066417648264
soja,-62.11659973883994,-36.424897958558695
soja,-62.01768106193151,-36.52768028968011
soja,-62.13394841822626,-36.487383403921996
soja,-62.31031908098587,-36.37812262678119
soja,-62.13575345637576,-36.46763068562094
soja,-62.12787112738966,-36.47365865120772
soja,-62.12914070145272,-36.421769202097394
soja,-62.1245370063271,-36.42065246300367
soja,-62.092461848187824,-36.49384730775745
soja,-62.096548999999996,-36.4725645
soja,-62.12518457890533,-36.505691984767125
soja,-62.14908710856236,-36.51776000961892
soja,-62.1529085280667,-36.47190985483105
soja,-62.122533456873775,-36.41872806247623
soja,-62.11958392,-36.417850133333346
soja,-62.12519309050634,-36.50573800303762
soja,-62.14906408754178,-36.5177491239861
soja,-62.05085084055587,-36.54595077945663
soja,-62.075389731629485,-36.55247397838478
soja,-62.10857152929712,-36.31838346827269
soja,-61.98010539058418,-36.440950847002725
soja,-62.122532967620224,-36.420570176708054
soja,-62.17829636277259,-36.347404613028964
soja,-62.148758288271175,-36.49040212837242
soja,-62.1781742472665,-36.34710037755542
soja,-62.171869058994865,-36.47922923012402
soja,-62.103880298879986,-36.432327353750786
soja,-62.1648315401435,-36.38983869653357
soja,-62.166021,-36.388381
soja,-62.161394901681405,-36.3909221423083
soja,-62.157846349250114,-36.39387240216695
soja,-62.110024592082816,-36.42798010642784
soja,-62.09841356977968,-36.4296062749792
soja,-62.22703479732742,-36.353657354984456
soja,-62.24002213688922,-36.32816760148875
soja,-62.324465681604586,-36.37493455646302
soja,-61.96581697381599,-36.57478539764719
soja,-62.23315301850098,-36.621123579897976
soja,-61.965774346519005,-36.574879763108385
soja,-62.16731007154261,-36.47404879867895
soja,-62.10999636125719,-36.428589741941494
soja,-62.09936093178124,-36.42674919721088
soja,-62.31802121082205,-36.37991672329992
soja,-61.77275504081713,-36.63760389254461
soja,-62.12284119900253,-36.48713219467334
soja,-62.146396061380585,-36.47796248328163
soja,-61.98007990785039,-36.44082215623636
soja,-62.25553028078513,-36.623959610511676
soja,-61.77445363372787,-36.6424685955099
soja,-62.118573467549545,-36.31642516677221
soja,-62.11558637579775,-36.311947189575015
soja,-62.18337639976054,-36.347687363572
soja,-62.09708838152772,-36.431449034129244
soja,-62.113294194743034,-36.41136157536922
soja,-62.240194133982655,-36.62232065494078
soja,-62.24372323386403,-36.622303290618234
soja,-62.25285180166582,-36.626835564997485
soja,-62.255301211818264,-36.62663178422349
soja,-61.9846863998224,-36.44486426691885
soja,-62.13155498927003,-36.42031393036952
soja,-62.14560748210445,-36.467967642050944
soja,-61.97238364850046,-36.59907716761223
soja,-62.14467561675588,-36.40669841911387
soja,-62.254544079536345,-36.62614320654811
soja,-62.17881605772962,-36.482464079520206
soja,-62.18290783763242,-36.461554689079954
soja,-62.1001497876067,-36.52659087335997
soja,-62.1103906162771,-36.4138405492075
soja,-62.0374353416263,-36.51398330566354
soja,-62.202488391378836,-36.363679763230856
soja,-62.24955395082264,-36.63107904934635
soja,-62.09729957040218,-36.57532493995933
soja,-61.97157404914662,-36.44606544112629
soja,-61.975448022523196,-36.443886151689405
soja,-61.975825,-36.44646733333333
soja,-61.97588676527421,-36.44785702147257
soja,-61.98453920775461,-36.44963691055535
soja,-62.29479348559996,-36.376694614389415
soja,-62.090647486299524,-36.565328457019106
soja,-62.045593235679405,-36.49388105226481
soja,-62.118898235506066,-36.49666000665954
soja,-62.11944995120714,-36.5000777786171
soja,-62.11861333028716,-36.49658496364863
soja,-62.12657087138063,-36.50416844875667
soja,-62.11068848752729,-36.50664534539668
soja,-62.176963060506964,-36.45756535492751
soja,-62.050872009808344,-36.54595745007903
soja,-62.10059219725227,-36.550209320653096
soja,-62.13973736148243,-36.52613606394801
soja,-61.77802104352327,-36.64666253274991
soja,-62.08624455374806,-36.49368756119246
soja,-61.98340085798599,-36.45299846467634
soja,-62.10412234004951,-36.5656461944715
soja,-62.05085084055587,-36.54595077945663
soja,-61.978372597609514,-36.574001734272485
soja,-62.085969021243315,-36.56024786530257
soja,-62.12212799600591,-36.42076230225719
soja,-62.06012644514971,-36.55166438612121
soja,-62.06522443622715,-36.550377465351936
soja,-62.06528931408122,-36.551028697594724
soja,-62.0660202789855,-36.55064421739131
soja,-61.76383134304146,-36.641748757181375
soja,-62.169577759718564,-36.463720176021305
soja,-62.183946,-36.456558
soja,-62.179512605348,-36.451450957028
soja,-62.12045060461652,-36.44884764679597
soja,-62.118928738615104,-36.44325734152316
soja,-62.09687424496826,-36.57586160157048
soja,-61.98341224464941,-36.45301193525983
soja,-62.13571762203309,-36.52963393952621
soja,-62.14284473029229,-36.534928729035805
soja,-62.09235292371931,-36.498066976858894
soja,-62.12490184990226,-36.42039118449679
soja,-62.12069987801869,-36.420934713013196
soja,-62.18701459977846,-36.46201468169024
soja,-62.10994751781453,-36.428531155473536
soja,-62.09841993205912,-36.429589754526745
soja,-62.075449173065955,-36.552421673901534
soja,-62.12172858771686,-36.428897010297526
soja,-62.11980633719182,-36.42297222465177
soja,-62.126252840870535,-36.49389013115651
soja,-62.12567366666667,-36.499776
soja,-62.134218382763116,-36.487332142781284
soja,-62.12484754476318,-36.50602956941602
soja,-62.15640617763938,-36.38904432291947
soja,-62.324442323711395,-36.37494883909408
soja,-62.167854193091095,-36.46543216870762
soja,-62.17776256885131,-36.45764616845795
soja,-62.03759462335697,-36.54630687434798
soja,-62.15907723681046,-36.39389574384196
soja,-62.16317533673387,-36.38955185123494
soja,-62.187319,-36.3837735
soja,-62.18712175000526,-36.38389975000379
soja,-62.17203707156235,-36.47933692760584
soja,-62.18744877882328,-36.3821712699691
soja,-62.18495166666667,-36.382220000000004
soja,-62.18586251780804,-36.382504638147154
soja,-62.186391900597286,-36.38289018076446
soja,-62.1880755,-36.381491999999994
soja,-62.187313789588416,-36.38104680477241
soja,-62.186886449215386,-36.38041908378449
soja,-62.18795849999999,-36.38284925
soja,-62.11342267223536,-36.474942017743274
soja,-62.096631192320956,-36.531715309301376
soja,-62.03202076291375,-36.53396870654227
soja,-62.189721619950014,-36.45598344855344
soja,-62.18039893250007,-36.47445851640068
soja,-62.11995832282173,-36.48485746756318
soja,-62.04786734577085,-36.54872388007827
soja,-61.971819658407625,-36.57945440327054
soja,-62.156993326577954,-36.47208585482527
soja,-62.152370814106824,-36.46864172560904
soja,-62.06049843081735,-36.54600687891099
soja,-62.26728889645746,-36.5505976094535
soja,-62.25337527781509,-36.359109812645116
soja,-62.087828518599444,-36.52649471213063
soja,-62.103318596242026,-36.546960516835775
soja,-62.11872944470865,-36.3132673704334
soja,-62.01663241545492,-36.519247808944996
soja,-62.09976439086178,-36.52658233205165
soja,-62.12789791941064,-36.47369493098797
soja,-62.135611874149625,-36.46760066238932
soja,-62.04235657878516,-36.49106599093764
soja,-62.08510970188378,-36.559200848534225
soja,-62.12519309050634,-36.50573800303762
soja,-62.097958496393886,-36.568258290752254
soja,-62.135061196796435,-36.41887763893868
soja,-62.13007411612467,-36.41744565437946
soja,-62.14373271470292,-36.522902395042074
soja,-62.08428552780698,-36.56896176366683
soja,-62.15127215310469,-36.46418165425235
soja,-62.14654774104262,-36.45800295796069
soja,-62.30847745636248,-36.39318878161642
soja,-62.25437961806431,-36.6258519832643
soja,-62.118383956095066,-36.50047865538688
soja,-62.02155379736645,-36.52430151894017
soja,-61.97832912751204,-36.574078130038956
soja,-62.037582058586906,-36.5463382880658
soja,-62.19017898135719,-36.45349684906899
soja,-62.116010216794635,-36.42553844048057
soja,-62.13267487063302,-36.473460339876596
soja,-62.07995432350429,-36.56300338971983
soja,-62.17380195651823,-36.45742922044476
soja,-62.09608088287652,-36.5315636841792
soja,-62.06461903881333,-36.48335910891474
soja,-62.25328314852668,-36.626543118589794
soja,-62.24059003985868,-36.624479522796264
soja,-62.22708035062782,-36.35368190465633
soja,-62.10940526167158,-36.51817824880439
soja,-62.0812093084332,-36.50587102411194
soja,-62.167287483845044,-36.47401171642779
soja,-62.12680568834811,-36.43249414823014
soja,-62.131710248977875,-36.43676273867669
soja,-62.16795945492641,-36.4732091488095
soja,-62.254564817621116,-36.62615888136665
soja,-62.24430979845507,-36.625654547178684
soja,-62.143728777373354,-36.52287578493207
soja,-62.14558526727258,-36.46800316805651
soja,-62.10397613783156,-36.52337311427541
soja,-62.089394451109726,-36.474836130083276
soja,-62.17309958151407,-36.34332419611272
soja,-62.178522178294095,-36.34824747730673
soja,-62.036204577378,-36.53128985164017
soja,-62.15326706687094,-36.49062909602311
soja,-62.11872944470865,-36.3132673704334
soja,-61.9758433518362,-36.570240498752064
soja,-62.08445544851049,-36.48862581187676
soja,-62.19302329675413,-36.38241333397273
soja,-62.23613460337655,-36.626782241144916
soja,-62.09909311640516,-36.466761920620115
soja,-62.15496299326956,-36.5389741602421
soja,-62.09090426860119,-36.565599447075
soja,-62.101722242945634,-36.54146897360894
soja,-62.15500461734283,-36.539081317815906
soja,-62.18698377442809,-36.4620274456305
soja,-61.78131741986972,-36.643649695710415
soja,-62.05314491944943,-36.50043137604368
soja,-62.15249361606997,-36.47321670407626
soja,-62.04069707760069,-36.49148434616028
soja,-62.04212208931878,-36.49022612247694
soja,-62.04149715142619,-36.48842719274267
soja,-62.04814133788553,-36.494315116571755
soja,-62.038835253318176,-36.49027679380645
soja,-62.04232639999226,-36.49234439999909
soja,-62.15703289121423,-36.52875668566564
soja,-62.1111364380838,-36.42134319520285
soja,-62.17958881118641,-36.46159240639877
soja,-62.047867464376914,-36.54875312794665
soja,-62.097035419703694,-36.43142121516016
soja,-62.16797211756273,-36.39781838144816
soja,-62.117875980858585,-36.313096831228705
soja,-62.14913006617032,-36.517753618246736
soja,-62.040692031238976,-36.484569553697604
soja,-62.0964979486879,-36.531703224903815
soja,-62.074950003824775,-36.48317991092737
soja,-62.168450380529585,-36.39088616584473
soja,-62.17062371204573,-36.39807453625544
soja,-62.08484191329988,-36.541282945270666
soja,-62.1488253807022,-36.49044268705459
soja,-62.118424158285215,-36.5004891223398
soja,-61.98007990785039,-36.44082215623636
soja,-62.15965785116809,-36.53801317191209
soja,-62.20253988626604,-36.36325184594789
soja,-62.00013235074189,-36.712956249847764
soja,-62.019680090361504,-36.52366794984187
soja,-62.142737045930886,-36.534893381472905
soja,-62.08778514488988,-36.52603051387842
soja,-62.3153802377514,-36.381948023403886
soja,-61.965860406027836,-36.57477916997061
soja,-62.173743589132265,-36.402651329193404
soja,-62.05412156573657,-36.49174532596681
soja,-62.11615926510376,-36.41685096048155
soja,-62.09200645089813,-36.49401779791825
soja,-62.13291245132486,-36.49918430220065
soja,-62.118556466720264,-36.309602307503795
soja,-62.12434597129408,-36.31576889565754
soja,-62.06296480266132,-36.49605186496639
soja,-62.06691879772716,-36.50201801612906
soja,-62.04781982030036,-36.54871253600258
soja,-62.160991661122026,-36.47912196086437
soja,-62.179261169687706,-36.46420642611518
soja,-62.09593827541522,-36.52055243031395
soja,-62.29370660007929,-36.30384037768797
soja,-61.98424563013112,-36.449801137236975
soja,-61.987576552496016,-36.44804885003536
soja,-62.12162821575196,-36.42558294802189
soja,-61.76853452550795,-36.64088721294579
soja,-61.764398755210394,-36.64522850483371
soja,-62.10584672311645,-36.553262789472406
soja,-62.096454568735744,-36.53165633128398
soja,-62.06137922777869,-36.495589280450396
soja,-62.240194133982655,-36.62232065494078
soja,-62.24372323386403,-36.622303290618234
soja,-62.25285180166582,-36.626835564997485
soja,-62.255301211818264,-36.62663178422349
soja,-62.151544871376515,-36.4594869649945
soja,-62.05489448134785,-36.487709590014454
soja,-62.05719028130131,-36.49130928109757
soja,-62.161760137234545,-36.53426327988468
soja,-62.12012571451148,-36.312756847680134
soja,-61.97005070488389,-36.57447520662276
soja,-62.08150591938165,-36.54853917870088
soja,-62.11561250238519,-36.54605936155852
soja,-62.13264582547635,-36.4734695909591
soja,-62.19046245417232,-36.45352138298327
soja,-62.15126431878703,-36.48871042361352
soja,-62.15972231274376,-36.48616473265276
soja,-62.18342299657712,-36.347412258477675
soja,-62.24819090737247,-36.61298892164112
soja,-62.25660301741648,-36.62395578510513
soja,-61.9742751832181,-36.60080552952016
soja,-62.06171004958638,-36.553378680561224
soja,-62.09719909261728,-36.561169351386965
soja,-62.10620948879544,-36.41722702126812
soja,-62.089909242770304,-36.53690030170138
soja,-62.177588403530216,-36.399414357271965
soja,-62.257919102556215,-36.61802402644815
soja,-62.02918141435715,-36.535892802956965
soja,-62.159318700311715,-36.53879892811428
soja,-61.56250401322367,-36.57304498457896
soja,-62.08296267454417,-36.56428058681251
soja,-61.97222939206216,-36.56946231559862
soja,-62.08918041444431,-36.51136444359247
soja,-62.05659677960331,-36.495448942320415
soja,-62.060464531009565,-36.49480615839006
soja,-62.05870330380146,-36.49659058227377
soja,-62.07908685118331,-36.530654522110744
soja,-62.12783596155231,-36.422851973469854
soja,-61.8431698040468,-36.701218617051715
soja,-62.0800231589268,-36.563045362012524
soja,-62.111064547073305,-36.421270959733356
soja,-62.11651380149825,-36.51204454377549
soja,-62.032722247790126,-36.53422814301628
soja,-62.09638776610691,-36.54290347663584
soja,-62.10353940019396,-36.53740681633481
soja,-62.006834174183716,-36.64000049224655
soja,-62.202715176608905,-36.36335255041916
soja,-62.14560620545186,-36.46797559419956
soja,-62.029277732009305,-36.535892907223705
soja,-62.17759589434625,-36.39942928989903
soja,-62.158076189778356,-36.386624076694424
soja,-62.15973605670641,-36.38364534651998
soja,-62.12916448728245,-36.42235379653039
soja,-62.12026631898078,-36.31283985188675
soja,-62.09087680494752,-36.56561731106174
soja,-62.19454613365117,-36.3803196484134
soja,-62.2495756806415,-36.6310393205291
soja,-62.16086940827831,-36.40069978872626
soja,-62.14558526727258,-36.46800316805651
soja,-62.10594264667723,-36.46896954534203
soja,-62.037555330234625,-36.54630187308011
soja,-62.05821089806667,-36.48882944197304
soja,-62.105919870397756,-36.468997136902765
soja,-62.17881567703257,-36.482456304497454
soja,-62.22709203170366,-36.353621498306396
soja,-62.22718944774853,-36.353773758753185
soja,-62.12473365702379,-36.42044681586786
soja,-62.17458549944416,-36.39707147593306
soja,-61.98910141940536,-36.44822051689615
soja,-61.97802800425058,-36.44966506772145
soja,-62.08628923852206,-36.493616757417755
soja,-62.30928751166152,-36.39278325181217
soja,-62.143025191711764,-36.427608792610044
soja,-62.13442364971462,-36.429234391806844
soja,-62.15188835109093,-36.46041498239192
soja,-62.13750357075545,-36.47461390345978
soja,-62.06137922777869,-36.495589280450396
soja,-62.04069316420147,-36.484575408832505
soja,-62.24684793724078,-36.62884847217247
soja,-62.103466259524346,-36.537323745442364
soja,-62.09992566965006,-36.57290830681705
soja,-62.09295065697648,-36.578874830600206
soja,-62.135728850194255,-36.5296525006857
soja,-62.13409149999999,-36.5252885
soja,-62.069238847309656,-36.48771667603784
soja,-62.16465723923172,-36.46937967170307
soja,-62.15867918995676,-36.46757634113418
soja,-62.08057077943632,-36.548494746118024
soja,-61.97933493046003,-36.5943517323376
soja,-61.982084654205224,-36.59658532725706
soja,-62.05074356217738,-36.50290182087463
soja,-62.0962537745691,-36.542158649126826
soja,-62.09687424496826,-36.57586160157048
soja,-62.05500158952313,-36.49932899844897
soja,-62.0817875588612,-36.50115562946959
soja,-62.17214358168933,-36.47940059114383
soja,-62.29342443437362,-36.39436133049785
soja,-62.18006434574919,-36.467735457554376
soja,-62.14035497897509,-36.41381518275981
soja,-62.01328637345032,-36.51384800961139
soja,-62.01128670039743,-36.51965971307106
soja,-62.012708651218105,-36.51435509412012
soja,-62.267243389216446,-36.55057494531896
soja,-62.11006036473812,-36.42848102273636
soja,-62.09708356077758,-36.431438872279664
soja,-62.09948873759156,-36.42680009489792
soja,-62.14463357419642,-36.49095110847448
soja,-62.09089734781865,-36.56560957212546
soja,-62.13243933037605,-36.47317737375993
soja,-62.0509138720109,-36.54596991618512
soja,-62.11892558264978,-36.548734422276446
soja,-62.083952376824186,-36.54123467934044
soja,-62.12880201234944,-36.42260878779569
soja,-62.11763717783388,-36.41596604735737
soja,-62.15746701485328,-36.54111183643548
soja,-62.29779336454874,-36.301969568191765
soja,-62.14465272931973,-36.40671422419905
soja,-62.11669872515342,-36.51197961448666
soja,-62.09646134357842,-36.54296118062647
soja,-62.15197805842346,-36.48406226135104
soja,-62.02398245607357,-36.522455767833634
soja,-62.31258567616193,-36.37939405606549
soja,-62.10981196852934,-36.42873074455946
soja,-62.252325074493676,-36.359803677507564
soja,-62.113294194743034,-36.41136157536922
soja,-62.11552533910073,-36.54603567477358
soja,-62.140701550695574,-36.49299229566492
soja,-62.10577760165549,-36.41730913387494
soja,-62.29086750535889,-36.39255797682853
soja,-62.111030074165875,-36.42131065568776
soja,-62.08897318510342,-36.55568746513127
soja,-62.17772481093474,-36.4576168417751
soja,-62.15296806488821,-36.48793597580663
soja,-62.18011907361136,-36.47466797125503
soja,-62.184297104191806,-36.48197571113414
soja,-62.22702412878296,-36.35354358556789
soja,-62.09093354831554,-36.56558298303779
soja,-62.15501507233857,-36.5390764197694
soja,-62.158890666666665,-36.517342
soja,-62.158468,-36.517117999999996
soja,-62.15826406634635,-36.517531564612
soja,-62.23304729352984,-36.62114086572304
soja,-62.10959451541745,-36.517623322133936
soja,-62.14402137351153,-36.49020732566079
soja,-62.24009808949712,-36.33647218897057
soja,-62.144025908770956,-36.47974969277457
soja,-62.13311816458498,-36.4991652797713
soja,-62.113274661996236,-36.41135619438478
soja,-62.16610682529315,-36.47530891299614
soja,-62.115244726622585,-36.47370169053132
soja,-62.12519309050634,-36.50573800303762
soja,-61.98596518304187,-36.44372992579594
soja,-62.17063475874146,-36.476340764257415
soja,-62.167788567350364,-36.47935797810619
soja,-62.119411299547686,-36.49997629779547
soja,-62.15392247223386,-36.487216300031605
soja,-62.151733,-36.483436
soja,-62.183604600072265,-36.45643462865674
soja,-62.155062856827875,-36.47064234559458
trigo,,
trigo,,
trigo,-62.13616717980181,-36.46808200202584
trigo,-62.113245668305225,-36.41137414543654
trigo,-62.235227693344854,-36.62637057931261
trigo,-62.04075255234802,-36.484603377467984
trigo,-62.24027478528351,-36.62491832501088
trigo,-62.12165974089611,-36.428821447067364
trigo,-62.17311084344031,-36.45413910423898
trigo,-62.04284303538854,-36.546437357493794
trigo,-62.04420835529893,-36.54084790470532
trigo,-62.06051391947999,-36.5458484524806
trigo,-62.01153853154221,-36.51460361299576
trigo,-61.97224223458043,-36.56947487306077
trigo,-62.194046684926136,-36.38038850577449
trigo,-62.06051500060135,-36.545806562158795
trigo,-62.09657234987471,-36.531737233295914
trigo,-62.044209688240684,-36.540813899261195
trigo,-62.12678713060392,-36.48030618585827
trigo,-62.16731767266803,-36.397495229474345
trigo,-62.04593328556428,-36.49368917828028
trigo,-61.980065537116246,-36.57221030865838
trigo,-62.11117274996617,-36.42130593432456
trigo,-62.07914507885301,-36.53069366373519
trigo,-62.12003007571615,-36.48489565097485
trigo,-62.14742488286911,-36.519837390925844
trigo,-62.129861556950985,-36.42175722455656
trigo,-62.121740418227105,-36.42877937701673
trigo,-62.12967247730983,-36.41804783147032
trigo,-62.13033,-36.418368
trigo,-62.12569336637256,-36.426175762311196
trigo,-62.001063575366786,-36.635380356198716
trigo,-61.73795246765421,-36.65937259550825
trigo,-61.72772551830023,-36.66524956928864
trigo,-62.12518546447882,-36.505705598575545
trigo,-62.04021280040456,-36.54417470025376
trigo,-62.137449374378505,-36.42754849409636
trigo,-62.173024634913205,-36.45409078731586
trigo,-62.16447396476529,-36.46979135251109
trigo,-62.17010989370135,-36.47475698810738
trigo,-62.16868532328441,-36.47110824934171
trigo,-62.16944733333334,-36.47169866666666
trigo,-62.166733,-36.469588
trigo,-62.167964,-36.470545666666666
trigo,-62.17089072060579,-36.4004371629799
trigo,-62.23616925793314,-36.62683555516893
trigo,-62.091624310132154,-36.51333856834114
trigo,-62.118604476343094,-36.49304877086118
trigo,-62.111650500107224,-36.487734101161294
trigo,-62.118863770773594,-36.44545013160567
trigo,-62.14275479763565,-36.534896257294086
trigo,-61.97186411421677,-36.579522191267024
trigo,-62.09751569418822,-36.56146599066484
trigo,-62.08120895271017,-36.508660429889
trigo,-62.096721906123676,-36.53231413967168
trigo,-62.05425033367831,-36.54320401689694
trigo,-62.16641989116952,-36.47562421538621
trigo,-61.971831558980476,-36.579478110527674
trigo,-62.087201907844864,-36.509870754728084
trigo,-62.10627901336923,-36.41724293184804
trigo,-62.134064642875856,-36.46740891177655
trigo,-62.1518073871941,-36.48785771985374
trigo,-62.10596556862005,-36.468976011683125
trigo,-62.09261958814369,-36.514038945316415
trigo,-62.16686661047393,-36.46666353366529
trigo,-62.188520200317065,-36.46867749277567
trigo,-62.10612270257751,-36.41732009150098
trigo,-62.14636383891933,-36.52429556118822
trigo,-62.12631305735048,-36.49392576893553
trigo,-62.01619167218865,-36.52867167853654
trigo,-62.111265120894764,-36.42124994755302
trigo,-62.113412752501894,-36.47493170826243
trigo,-62.0994540905618,-36.57352175052034
trigo,-62.312195822703714,-36.28972546818013
trigo,-62.08966221262318,-36.52735099287864
trigo,-62.143751793175326,-36.52293228333726
trigo,-62.11119274877246,-36.42129194942525
trigo,-62.091737116791336,-36.55077121098747
trigo,-62.14399754615286,-36.47974063362033
trigo,-62.089142548545205,-36.51186269074016
trigo,-62.089644743315795,-36.503888773081776
trigo,-62.16992331257797,-36.45858721691405
trigo,-62.11550095604133,-36.47234884211923
trigo,-62.253680598921385,-36.62651178076169
trigo,-62.14470600022075,-36.4066936189549
trigo,-62.056912374173535,-36.4898141604568
trigo,-62.144012143525075,-36.47977448172017
trigo,-62.10939602211593,-36.51813297013106
trigo,-62.11337299617998,-36.41136854695399
trigo,-62.166140753728364,-36.47563416375185
trigo,-61.97184400903892,-36.57945600448707
trigo,-62.156963101707305,-36.493958986994755
trigo,-62.09945632951372,-36.50337433370572
trigo,-62.13781891994993,-36.42837387514033
trigo,-62.240336513141465,-36.62487691009729
trigo,-62.12010257997933,-36.48492334316777
trigo,-62.09369495763562,-36.57833790460664
trigo,-62.18015473813364,-36.47524708463049
trigo,-62.08294774114366,-36.564229940237674
trigo,-62.09089940907565,-36.56559440868691
trigo,-62.023867449484484,-36.522402395014495
trigo,-62.13565099385989,-36.52957985445115
trigo,-62.26723848673344,-36.550589700245915
trigo,-62.17310748275813,-36.45409583729519
trigo,-62.181183,-36.455946
trigo,-62.08052338812479,-36.548454153028665
trigo,-62.16662321527513,-36.47161763647033
trigo,-62.11848340053797,-36.50046065553847
trigo,-62.16112489618162,-36.53299791608917
trigo,-62.04948649465944,-36.503962536861714
trigo,-62.05690566601591,-36.4897672036706
trigo,-62.0540453001166,-36.492226725750314
trigo,-62.14372507541455,-36.522898434302945
trigo,-62.118996089402565,-36.41415077350033
trigo,-62.133059877763394,-36.49913542695731
trigo,-62.129810705093405,-36.421809344353875
trigo,-62.16102865733642,-36.53286915538594
trigo,-62.15386641325782,-36.534825943294884
trigo,-62.1463065258099,-36.52485661130961
trigo,-62.13296201402812,-36.499169379358115
trigo,-62.13374005608004,-36.499085621733435
trigo,-62.23651944299865,-36.62694906091021
trigo,-62.05421667736684,-36.5431985515839
trigo,-62.105925514614796,-36.468988941383756
trigo,-62.1189328361215,-36.44547778871332
trigo,-62.19746671743796,-36.38478657904437
trigo,-62.09944917764261,-36.50344503179232
trigo,-62.08931403867447,-36.52757667966121
trigo,-61.97655793473436,-36.569880662811954
trigo,-62.1427446166186,-36.534863828755235
trigo,-62.11999012809376,-36.4849309400008
trigo,-62.23342900784972,-36.62135961762656
trigo,-61.96585098106416,-36.57477012934523
trigo,-62.178780070295566,-36.48244104053756
trigo,-62.16641898672251,-36.47533967470296
trigo,-62.16698764371415,-36.47582440375588
trigo,-62.16739188056453,-36.476163464712215
trigo,-62.15423462090929,-36.51811860006481
trigo,-62.09957349347568,-36.57346661852635
trigo,-62.12683604077455,-36.48032872529946
trigo,-62.12522062711755,-36.5057274609648
trigo,-62.113412752501894,-36.47493170826243
trigo,-62.1132743651616,-36.41135556517796
trigo,-62.09382645302553,-36.57824085691323
trigo,-62.164051614060334,-36.395609721067125
trigo,-62.152409063586454,-36.542471586930745
trigo,-62.10269642621286,-36.54766352608798
trigo,-62.17879461311721,-36.48243825586864
trigo,-62.113294410269454,-36.41137346305712
trigo,-62.15423015456801,-36.51808212595991
trigo,-62.156963101707305,-36.493958986994755
trigo,-62.133060983656215,-36.499186334798345
trigo,-61.97811206498089,-36.449344491665386
trigo,-62.1594530948004,-36.538656342141905
trigo,-62.147414120390835,-36.5388769811078
trigo,-62.099128164535685,-36.46675385917737
trigo,-62.15652812914041,-36.4931812751674
trigo,-62.08580529745404,-36.52508087293014
trigo,-62.09414997244355,-36.52578667191141
trigo,-62.09191211094111,-36.5352220530144
trigo,-62.097230547838315,-36.56116247158152
trigo,-61.965855331603414,-36.57480181205802
trigo,-62.15021032931,-36.51496981451459
trigo,-62.10652358285881,-36.4172638844548
trigo,-62.14623512819058,-36.5243909031891
trigo,-62.12513626666685,-36.50569339002295
trigo,-62.25409983408142,-36.62013900439597
trigo,-62.13975198798336,-36.52601159382139
trigo,-62.09087704816963,-36.56556203378753
trigo,-62.14644158591252,-36.52481070335828
trigo,-62.12517753639512,-36.5057342358885
trigo,-62.08918339572892,-36.51139383437
trigo,-62.04211323149931,-36.49081151483119
trigo,-62.11328016715855,-36.411366907817694
trigo,-62.087275495223395,-36.509852342611524
trigo,-62.08129501935108,-36.50856950664401
trigo,-62.111368805793624,-36.559937867912865
trigo,-62.09187048362573,-36.53513851518815
trigo,-62.122110904770224,-36.420489118632986
trigo,-61.965848592156505,-36.57479243886461
trigo,-62.11761682096128,-36.415943840825356
trigo,-62.124005999999994,-36.424555999999995
trigo,-62.13969017401251,-36.52617031954597
trigo,-62.04024980242873,-36.54439400137279
trigo,-62.17301356277187,-36.45414388015659
trigo,-62.152407173306116,-36.54246955896921
trigo,-62.08072330846827,-36.548420557623785
trigo,-62.16796693173566,-36.47326799357889
trigo,-62.15616842267084,-36.51326135672038
trigo,-62.11554706010586,-36.54606389921847
trigo,-62.091772519601385,-36.55075720349434
trigo,-62.11172013223962,-36.41260134563367
trigo,-62.17991293617203,-36.48099232783752
trigo,-61.979635706636785,-36.45078597031285
trigo,-62.0666491180396,-36.49586110932502
trigo,-62.09909427576578,-36.46674125955642
trigo,-62.143997541409384,-36.47976718813584
