InPVtg5cSu,10.3745550807
U5sjrFWHmI,8.36621334555
fFVnNRiTo8,9.12590397546
DAL7OwhFsN,3.16472442501
WNskBpjJ6U,3.79840575995
H3uE75hSkR,1.85527727578
tfLXdQ5et9,11.9329203467
JO7CjILmox,2.681609861
kdTAsMlzyq,10.207642897
zmtwuaDawm,8.53966996167
3i2aosW75V,1.51173569853
dH9bJfmsGj,1.81098545985
iNZ3eKdydK,5.99772496812
I1vTIFRHxu,2.78626517847
zXAKSN5TPI,3.66108705873
hdsS8ijgGm,9.77611884969
HTICh3pwbO,2.70994721625
Dd9A18XkZf,3.28577664166
gLH4sSGjnB,3.78978369784
Lqfu8vv6uk,2.31930946129
YXRU5v7j8t,2.60356967239
r4tYpky8QD,2.00814180786
3yDhYSGjxl,2.64420234277
UQnl1opXH4,1.48721568421
eMBAeuPeL9,4.7927838078
hSADWRsJES,2.53134050463
xLAEuMOPXL,6.33300096857
obYvzYWEli,11.1325973629
F1kljl5KbC,3.59576351244
xCz5LJ0nMa,2.16551599565
1jkBjL3k6Z,2.75434525835
FuUGPbh07J,2.04789048186
nYSFebqigX,1.89622424582
WaAQ8roSmX,10.3580458561
rq0vWIkI9D,2.17960391472
JlSPaRaPE9,3.03588625151
WqVL5J5cCk,3.40092952055
pR885Kboyl,2.76776725844
ko2bSeEh3e,0.786288323232
giBXsbNKRr,2.55016708934
UPUluwidbJ,3.7622938947
XM8pUa9qyX,2.50160253074
5dBFmxLwFY,1.37440637962
dSqFbwCQAZ,5.4125533269
M2isSMLxAg,2.28204686919
V3OxCfKDUL,9.16651348002
UbH3y4sjuQ,5.36277486267
Fum73WsvtC,3.8783139518
qJnahFcL8u,1.93335342992
jwDMsuxmY7,7.02835028538
9NXSN23jTZ,2.66930274783
NtbAcsLEAX,1.66424365577
gkVxyp1my7,2.84754409981
6NGmHs2OkW,3.03169724219
luBOe8JMRE,9.02136633034
TnShZbnZVr,4.83741131044
xLj1VTtHC7,13.2516225729
NAU81CAeCf,1.63187587571
EUCyknyQca,8.78062442867
432cXbVlxc,2.97569766505
toMKoTzvYC,4.14327336834
TwkAZck2wD,8.40541945142
b16WW5glU6,2.16055881263
XwHoLIsHmN,3.03561440199
f9AVelFypA,1.99004366508
9aq5eKPsVb,5.17797919639
56pT5OnIP5,2.65007569816
4InZJJrXq8,4.69569792647
UNdsRyaewb,4.20525627377
uP71hE8H1a,6.51673497365
7YtlxpAaT1,3.03001222749
vLkqg3d0VK,5.13911632473
mu3ObppKd8,2.46207427584
nmmFGlXeEN,3.46775173998
7Dq1xor9QL,3.52912347816
g67ybKiqz7,9.65208460234
oMG1coM4Fh,1.92154556603
HMfCkMPbLg,1.48234895943
giKVIHLv3R,1.57806154173
r8flNQCOTh,0.656462172553
Sd8VelpDAS,10.7262137957
Tht9qS5CAQ,1.7011324951
MEiILqUcJ7,4.16210275172
EWH5avPzou,8.89178320918
QkybFhKHfx,2.10561345866
Frho3NCDU3,3.3507705799
aAwXUceClx,8.89024881359
f1dGddJCqi,2.46274937295
bFHxu7aFy6,2.02044835132
epXOQH19yH,2.54914398426
DoRtwaJN4X,3.80768799113
VGMv9rHOfa,1.16871779158
TEYDlSX4X2,7.96628570746
GXdBHZWyep,3.3516901131
B2TH3ERWCn,3.31081001634
ldC5QaIvfE,3.47882002526
T6Ilck3kPG,2.3180782694
LYdL6hRUMX,9.69882266056
5R88vu6NPg,1.43033499531
HURpIviBps,9.93905435509
OmpgA7s6mJ,nan
lLOGg0HxSx,1.53745272851
fvq9DsNePZ,10.0500037036
l5RZzC5E4T,2.39180169902
IsV4zmksdY,3.3463451429
xUBxM0E6rs,nan
XpFri0RY9G,2.44076522167
5xv0vR9vgZ,4.02041417664
enOeJjvpIC,10.1846591585
YcuiM5HywZ,2.6021406064
RWL2rL9K6r,1.22082680607
7D9LGzivGU,3.37486492753
ANPjOEv2ub,5.93677815818
LfwEkANo6S,nan
VgyTHj9Xut,1.3043854243
tAcprwzuuK,2.90485950902
O2bJdETMc0,1.11542970889
T2eSHW6r1i,2.22496574624
XXuQvBkqLq,2.5605546166
5mPdqit7MM,8.7805912195
f6RTyIOSpU,10.1189663805
KA1i4AFPHl,2.48465055114
36mZsTpeGY,2.34261233155
8qbbK2ua5v,2.55377276671
1BzuCFS4xz,2.25218798918
71oM1fFfjk,3.11883186085
6Xj5ewmWkQ,2.93437072105
tcqtX4pzOh,4.7350624149
JAc9NW1vwo,2.23121529327
llzTXG3O2U,2.24157764158
Zj3uOSZ5lo,9.30006335892
NZf4kuCr4a,1.47492022332
1MQj82JWHO,3.91803303653
h1VURL1NVk,2.31255292051
nbIVmvRB27,4.74143424836
ZAta8prXJH,2.73334657661
trIlSCdpOJ,1.29153271948
ZODN1ln2F4,4.25302501664
kX8kEVTuR6,2.4762960494
APfMP45kky,7.64048222963
UVwQP2kg8F,4.97872899179
cPdp0wOEry,0.858444145977
4KfkowIXwa,3.29115368976
JSzxYLZrhp,2.70923783807
yD7etbGwGq,11.3571566959
jzBCOleyBs,7.73286608679
fAHAefT52G,7.58633653622
7DkKvk2tQY,2.05382665292
GAH3uolxmf,1.0514251615
9U4zkfwv67,3.98357765535
jqIRGf2scw,7.87624486808
Y87WN7e5dk,3.06314933866
hBgSTyL33X,7.26254595918
9VtrnFiHs2,0.637524647805
nZqvnEoX0V,1.00812938335
HOKFrkY826,8.98266692234
gVHLGGt8pi,1.77549662394
wpT55PhbWd,7.86736305284
OR4TDKp8Sd,3.6470248
5iOaxhJB3N,5.2555503312
fGnrg4q5C2,1.57781092394
vwax8HDjir,12.244833679
awqaolCoet,1.19898293138
TkqExnzUpm,5.04524188354
UZhZGmR2KD,0.404134974363
wMW75y4EBW,4.45187297131
sRbIbAQ7VW,0.933257686028
G0sCq5UrJW,3.78006329085
JSCXn9igNE,3.87659086549
FNYP7EuMPf,7.80419672674
B8MyukcamQ,3.51998086741
YBb7vAFJ84,2.9503157259
4xvOUFfpBi,2.46681962848
Kq2HvFSp49,6.20482625068
M3Fl34rxpz,2.81655724093
QMaqdVL3GV,1.37170484223
2rgPT3jG95,3.92325341799
XWv6zkJngJ,1.54632775026
YmJmCF4Rqp,8.68912724612
L49Gf9QVdp,2.35351857727
vwtXbmVCQy,3.72443452383
BRWweXn4Fu,2.78009954332
yh9FW8VNTB,2.61226224983
9A6ct3NWk9,2.38051248465
IS9Kd1Bfdk,2.33363416063
bO1aBlf3qB,1.79932460007
pfgeK5Fwol,4.26142131095
9fxSiVECdC,3.57196037019
PH6tyBZa4f,0.903573084202
2YdkaEJ61Y,3.19122279685
E0L7AWeKsT,3.87017088664
JyKdcBnzv7,9.16651348002
YwYvh3Iw8o,1.10273629901
BUmTSb6gAF,2.35856708919
58y727tA5m,1.7156153565
vVtOf80qpb,12.2448362919
AxnEMaNZEM,3.51669093563
9fQfPBhrZm,2.13951609688
3mB3Z9XPpH,3.15706325524
TRjdeG5XZI,2.33050421426
hcgCaXazCY,2.38485758536
gEtjiTc8F1,1.18983668482
GLVmIAK6DY,1.9445888766
lv40TpJ2Jl,2.61800930052
UCxyQyw2C7,1.48156578515
0Z9xoJgpSL,1.76182175524
AQ7HsngxB2,1.39851870551
mgKdi29end,2.4151788791
rRt1Z4CUpx,1.93930845486
4QQOehSfBW,3.65052406055
tpal9ZRmGF,4.1959668966
Sq3gfby17b,2.47797860818
5Nar0wvWKU,3.78852846498
3v8Gs8ydLD,3.98049566282
dmu3TKEBCn,0.770145467058
c94tFSxrim,10.6856428279
C9ey8HlJzm,3.60603466965
fLLB5Jxm8E,4.41741040087
Af8UEm4cwE,3.1941474876
cwu2e0uJh7,4.40529618645
BoIuWPpm8U,1.58136572287
ki4rFCP7dN,2.27766272355
lDY6rgbc3M,2.71127129624
xdVXT31Llm,2.93189495134
8r8jITXNcr,1.68794046654
vyoTIvN12C,2.08462372805
uhKzMsDtip,3.29896883649
tFjsnTHgQR,2.1160160399
swpxBhH1ug,8.36621334555
YYMcwlDZGD,1.25897559394
2sRJDkEedI,5.4052515698
vog8LbaKJK,8.6861265003
MPD3qOfGlw,3.00417844438
3rq1hVwmUB,9.24142073259
Kcf5mFgXId,2.70941237141
OAoq0PGPlx,4.51087732112
OPZa5sh6du,4.81369454023
xZezuJFXIm,4.11439417786
Nn5dZZggKd,2.59590897109
kESiajtQwg,3.96608821231
IFdpeb9bu2,nan
XDAGEmKgj3,nan
OguDnXTPcY,5.2413860891
iGoEnIHod3,1.37372793751
w5v4OOjGxj,11.5064633564
cXWe1u8CiK,5.04121038251
DYaWlJCMXe,1.2020781879
i3sEkQ23Un,1.90741690054
PZ9GEGmUMK,0.611243024645
VDLbgFOqGS,2.25461054303
hkmojP9SF9,4.33921896826
qTVEiSaUHW,1.81577133766
cGgXxjTQ5C,4.49049021516
cDSfoGgR9I,3.73047991774
BFVSDcM8ZK,8.14418909646
k42HTU0VJq,3.60165651606
5KUhDYIq4Y,0.990267316883
g3jKULlb7U,3.24753356918
9o69oJXtbh,2.52647199667
VXCwzjkEEt,8.05410267773
WQn56bNZoS,2.41547960491
kMoHZF8nnE,3.24782985314
Ekcb9WVjOw,10.1531930941
oeUGX8LMhz,1.32824608408
FgmhSrU6xY,2.81013840458
WdmpBPhKp9,10.6985910809
D55ErIpDP1,0.693933135418
vnzuCvSLrT,2.4654695543
eNenCI5hrk,2.53937588485
jTFceH4dcs,1.27804207457
MvMnS7j6Sv,7.78287958365
zVBRRswOSp,5.32436908942
ypQeDLDIfP,0.0325077603491
EAcYezGGAZ,1.70680440794
vfhcZkuJ1C,11.7496112047
PMv0gqR3pA,3.03600715867
HmCCUWMN5X,2.62961604562
Dg1GhR3rml,3.2601882511
l3bglxl3vi,2.9603266081
T4vgKA3xKM,1.42276177338
ETX5qvJByO,3.96377341816
FUPdwWHKH7,7.96628570746
jGiml8y5OH,1.6081376627
dCzdDdxNg2,2.38327398233
xh6X4TCDNW,3.34190702958
LaTAUCPtA6,nan
KeIfUre9jY,3.43271699652
3UqwpKvVkg,2.3906979621
ZpZe2f3WRn,3.06625358133
J3rvMos4zQ,1.96305210984
l9vrufYcvY,9.84682585733
MgJrkjZc3W,nan
tE60lAUxNr,2.92651048871
8TV9sZv5Sv,3.68765332096
jqtbr21pHE,nan
p9dTLipGfC,2.06652850482
idxq5layJD,1.36766768696
4KzgojtAT3,6.98769046174
ie76pQSqGc,nan
SOvvdipMRf,5.06276256016
DZpnxavFpO,3.92199265778
ceKqY7uGiO,1.35616094548
k4xmOrhkoU,3.69002473766
MfeCjtfU69,8.46562775583
KGUFQx9y3r,5.28128434065
uoj7mpkcw1,2.62500331038
ULPukKLjuX,1.67929360254
fWonqINEpH,2.8846128833
IR0W36Oe7F,7.79004513031
nFHEUmEKlj,1.25909626433
66GzlXMZNi,10.0924828516
yDdNXOMCqt,5.08734498919
V52qjZv7hd,1.07961446835
4dcRkuCNfZ,3.64281096695
Me5nAEpgft,1.4592965233
TyL1ordB6p,2.47223289887
jQmInyGkhy,2.51843599778
geJxocEY82,4.22358735863
rKLLhdL4TD,1.96876369271
uoINHCvfQs,7.75656819365
T4OxD3cInA,8.36824088043
GUY5hhvmQy,3.17622408407
pXa1Jeqpyg,2.96927723075
CXC03EExYR,2.70742940162
MrFd1DyiOl,3.52469568184
fQjXFPa6gF,1.93086725911
BJsLB93WcC,8.21484359231
ujCaUY2hxV,6.82649079324
QlcKTQ9fV0,1.31687137459
lgPyCgs9bB,3.40712470993
juDsjEDO0q,2.69391160819
yNaCrIS75w,9.61517930485
6Kl9hNyYhc,2.99350704616
GgtX9YK1l4,3.42404287374
wIKaQlyMB9,3.28981456395
0g5sDpQTe1,0.808295315248
ow3SOTBnCl,2.48153238964
PDXiqnpOZ4,4.37258356609
nxmAq2HyUl,3.15477313373
EFHjqbAtbw,1.88425680549
HeSRqS3FVh,11.4016301393
j6eMcjH63s,9.81402739589
dw6CXx8oab,5.27859875517
wudUjCLi9e,8.58403148573
867JTZOWth,5.7779709155
tWYalEJxnC,13.2885237312
VFRSWmEUA2,2.96662316252
PgUh6gbr6Z,2.72294978571
gwzVLHXZGD,4.8014941154
jPvDQ54bas,1.50987435411
MquOgDqyHw,1.59232597766
tmyYjOswAF,2.07220022351
cy5csOTXPm,4.42016852661
vtny7ohS9l,2.84936767398
5qyM1BN5Xs,1.77094295468
tvDpvugNxV,7.45081977339
nsEDGdX8wQ,3.08644120626
e6Fy61mN7A,4.71550435335
q8fDJR4fxk,3.64593110311
Le4W6L4XqI,2.85707810011
SvFdNgWK6y,3.10144631731
94qV3r7OgN,2.11552639608
8ENZjSWqCe,2.98625508577
7wGWidN3g3,4.35255592511
6c3HNimnF7,1.27221412027
5XrNjkZvlw,9.29344549583
ZPJGAVbcAc,1.61521383977
dYoNjH25p4,10.0431129453
IP7JCNC3om,1.53219087172
fMqy5N6aoy,5.16523483814
Yi1rhOkuIT,4.33786405258
vuoEnkXsfZ,2.84819161981
5YH0KaZKM8,2.52163313452
hrl7GgsqnJ,2.71116916307
oMJmHOLjLI,3.26339102865
spcT31Jr6y,2.63682454501
pVoBEv0FRa,3.02252849952
altFofBHHb,3.11015201443
nrw5v6kF2K,8.38305325579
7QN6F7lN2S,2.9047633694
4NGAaIoYGn,1.10973136194
OpQaUBPDmk,2.61585786246
gFkqTfDr6k,5.52043379055
9GJA14bnZi,10.7883642996
2EuPFn44X2,4.60735208343
f4FkAT1TyM,3.3185045487
uur17PxFEY,11.1325973629
GhcCYfl1c5,3.73702652011
oVOCSwCMs9,2.74100755301
Ra6R2LWuJT,1.6128685387
ugGTTevD8K,2.46273711542
Kvspb3ARNJ,2.00452782269
W1OzpQyKQ8,1.56214309119
AwdTGY1t28,2.30886237277
SsxZAqNqoZ,2.18843523467
LF1puIRBW8,3.61709350376
rrHG8ZX17W,3.82805378373
jAVuJdgun6,2.3027335511
UbLGIyfDZb,0.00673773626404
TTjGiy2GdG,3.55470178721
CCHE4ybott,3.12752997476
INKEH41T4A,3.18374141187
cjV8WTDRoE,1.29894857014
agOiYd2TWZ,3.74246801478
ajFWwIlbPh,3.26782215938
wkdCASWxvT,1.70620865281
eiQsVLFnJM,2.61054775099
QWrof2qIfU,3.64405007042
2jhNv97MWs,0.143097480841
t3R8hW0swv,5.27091313689
XOmcM4WNYn,10.0334231734
51gfU9yAek,9.85085216349
Udt3vqD27p,2.29330788841
gCKyD7k8xi,5.10700851552
M0Wj1Jao7I,3.88549680738
MGjqXr8blc,3.10027307206
jvv7WXOX68,5.78151099306
KuJ5qu4Ya6,5.81055079455
E9TiwjdhmG,1.18134652186
DQnR3iVXkA,1.37198146942
5YA4PNk6Gg,2.22966999576
HGH6O4cGpd,10.9167363313
hKcmCpbcJG,3.04383180852
qbdJ60vacI,2.7274539134
rZgRAcPNHO,1.46663959635
F9Ow0oVmGy,2.43741341483
CXJrKjlDbB,1.71822708174
EUTy2sEQWD,4.1882242029
9YfgUb2eaf,3.44354240922
NlJc1dEOPl,1.37257521208
TXsYtZsTeL,1.86679696035
6lgPNbdwu7,8.83342703515
ynAjPC1UFJ,2.38627621341
OR94hLmyFY,2.33824153416
vO5xHt1TGS,3.21250238989
Pu2qKAOQiF,3.41495370567
a1G616GYMe,3.93291648927
rSdx6X1T4l,4.13906214643
wvZjkI9tkO,2.85459818109
AUovrNhvny,7.9011547299
Ph0YoDkMLY,10.3629232137
bTybkfFBkP,10.7639378916
xtKEWD5QnV,5.05089735776
cHhqOsr07w,3.74615482187
x9lae0MyF9,9.84287081389
qiKW4bbPyg,3.21422938149
2dM8CrSCZj,0.00523619491897
R0QHuUPkAI,1.21143986578
s53JhVmGpd,2.98625588612
EUGsPrAk7e,2.53690497743
DXqIHPqUD9,2.76347293221
dJkIIsZ4CZ,2.72369918271
KnREo1I2V8,11.0265311332
w2zcJQZEKq,3.16645107616
Zy1sAxaD4q,1.10379793519
fuUDhKIyzh,6.59460615334
1FTBZu7HOZ,4.25025003762
SMMeRj6DwH,1.19139735661
v9Hn1mInIj,8.41306300635
m9IBdaujGF,1.55713927321
7Z7op9AnYd,3.91361796347
ejiYnLmma2,3.02672831878
eSBPJf5XXA,nan
wKEMwBsEVA,2.54018326264
nTB8qjnq5f,11.3951534034
spDWocyLEh,2.93400594406
t3xBOERIMH,1.22227136579
dJQj8NDSeV,0.970626673012
JrDMZZtav3,1.92314961152
xGOqPmJbz5,3.15398332779
gYBNS43JJD,1.75241778153
k31uyJLxn6,4.38396482994
bjRNsAkriS,3.70928865456
TTjbiciiG5,3.34576683868
VL2EOX7Eoa,2.0670166064
h0QdsLJQxG,1.85495881301
YrKdimc1sk,2.16239843714
4JdyOSVciP,1.08432945422
n7eWfSrSFS,1.18726595639
sLnJ7SugZ8,3.04244111113
9cYToDnw1K,10.0885316238
2dZseXhWg8,2.11378485106
FLjBshOdMy,0.0497640281703
YaE7B1bE6d,9.9817394072
yuVjtkWmag,6.51931136456
Fqx7Ehrndd,3.23024979313
UqGORPEJvY,4.05913806387
b4fzAbWBZo,2.52724529518
lQMvJBMZ6L,3.12156517941
jDBqipdY4n,3.07953009744
b4d4P80yuX,9.11705342317
DdN7AEH5dO,1.28954587697
r4VXWyWr3Z,0.888906464483
FtIzJXTBre,2.30818645207
Bc1NACgytE,2.19798265673
SQNcGLRT1R,0.437471814693
jGZBfNA6qm,5.21344978937
TioLeBAYFA,4.11711622575
WN2suVObrq,7.30491355517
QvBuG2CKC2,1.33608884191
mhWoYrywIh,1.34200424376
s9jEc6IBcx,4.10334648927
s4bg0T4hPr,10.3745550807
ZouUdYHnyT,2.5590849845
3nKePegKFl,4.8753616288
peCFQdlh41,2.65836283753
d9WdSsKmWz,0.0194298299409
QRUvEm6XtK,3.3417782948
1gaPccP48K,4.09874106269
IppJJ5vEWq,3.50201706284
Km9kb8Oxlf,4.39378035885
tJqdccFOQ5,5.21483633743
2AFyqrf4VD,2.74502485036
Ao3bn1csbf,4.65878929322
1UQAY7VL6k,1.89814444642
3bB2SvBqW2,13.1445459924
0lTnK875Ac,nan
bPjXpB3U2S,3.38562275147
wo85X5VJco,1.19575463468
MRioNGS9Cu,2.90794714918
003UmxRUb3,3.6573126198
ny0rubzsgK,1.20123045909
6e5VtjgijT,2.21260115873
GrYdUnyvH0,3.64984259502
NTR8qMJJWq,2.37647541917
xDcsdmcysP,5.11875432805
SOv6lSU8eK,6.6026985321
VZejdZILYQ,9.25946353089
7qtZRQaCAp,0.739699732973
BHdJwwhBWS,1.78687566534
ofIB5KJu1T,3.82982018576
YcmZqnE7ZM,0.995035352067
y2G0ZbTW0y,2.27028266523
gTPlRWHQF0,4.69930997286
IPhaBAmnyA,3.39247898005
3ENAG4POLP,7.40539654393
3TDaPWSlaj,3.63811114529
S4c5NBCd7n,1.36897909616
VTNLY4Hlvm,9.34169063787
ij8QJNCkPW,nan
Yx9cToL2jr,3.98279845946
dlsvhMlCiY,2.77402776164
VK8o9Rxy3q,5.88906304796
RrbBkPe265,3.23473259991
w73L9Ynjii,4.37279510238
RrjNgjyhCi,6.43043494613
cVqPLQBAam,1.05735125165
UoXt9yGkNo,11.6268896269
st4loGm9TG,4.53161267887
DpNRknPlCO,4.35468032441
367D2nI89n,4.13087960912
oL4bdfYtrh,1.56828350031
2KsBK7nBNI,3.30330925656
e7uXxEkeav,1.17697409952
4RrMpnshLy,1.20396260529
2iJZLlpjqZ,5.12311527706
vJGQ9snA3K,8.01993850553
HoMDwyNpAY,0.961228369262
CUlb1H53HM,3.64756686245
iykGc0foal,2.176877664
Bys5bthUjp,5.82846968008
ij0MRARzLQ,1.9280898739
Nb1vWjIk8U,8.22595430266
wobNPNRQvA,7.34104900561
daltww8Ry8,3.59139034006
Wd2OdY3CsI,4.74813047735
dfwMXcAyLn,3.89500622769
kFvnAqaC5I,10.3013039525
GYj3VrpHTI,3.43140719389
S7AS9MO9Hn,3.77665729128
CwVIjF0Pj9,11.6863356422
i6U6fHpx7P,9.46196740566
Dw7mOUSbTT,4.14712093936
P3dlRBNTEc,1.96807711116
qelljnL3JG,0.328422384349
dgPKRMbOYe,3.39219296379
GxmRAHxWf4,3.52577011904
7IxgwzM0Vn,8.69643433268
ZlJpbDFk2J,2.24766552407
bxeQKe6ZKp,1.60120665252
jay8axpVXj,2.43044027159
0BNnQ4FMJa,1.10952315503
RvAr3dpx1g,5.97407006253
L739D6f62Z,1.59683360977
WKLSmZntGC,3.24225582854
BRhA2wrNDX,2.02145411173
9UGBK6OHQ7,3.18957307626
ltTDIxrTg5,2.92487758708
SkoCI3bs9J,3.6959367593
UKbzsjohCv,2.75492234675
vi7NxlFDM9,2.81147230491
SnHO15vUTY,3.47015173869
DFSeyb2C4g,11.3926287303
xclij4J65K,2.96287120357
aaVx9g0FDr,6.33420061551
I9eBQnyJBN,10.1106643177
XpvD3Fe7uc,8.10150469315
KkNZd6Z5ej,2.00234077501
aTjluCs0wz,1.66504359187
5UEoYILVbc,2.68665302172
eiyw42UCCY,2.72787821761
u7STmw5Oya,2.60784945842
fVaHHjqiW7,5.25589801923
jPHiqIFMo5,9.59822165914
epuHN3khNn,1.44569597838
ljXuhMEOCg,8.64415713563
fgeJk4Rl3M,5.23132615368
ioRjoO49Cv,3.07689628862
NODPwHFblU,1.74285226979
Y2vgXJmCOQ,1.62648157177
AOx2WBYawT,1.97673518798
MYsHHr6JIQ,4.83363368695
GyyIGSmGx6,1.82150071267
p6aOl8HFTn,3.33122531947
bLFvyxibyb,9.13002651663
67HptP9p4q,nan
a4CuGbHWrG,4.15115887615
thOhNtFxQj,2.55485855672
k1Y1TAYa96,3.29917321133
XMnBdgw1l1,3.11038055658
okqKop7ajk,0.013325404797
vvq6JzY917,2.92393096362
rX8TSa3Fa2,1.91240223144
tgd73Qakd7,1.77315796402
yijiE6Vs4b,1.74927731474
E45mGMu8nq,5.02664696606
Q4xFAi19eg,10.2117761111
y4w9OPc3Gy,10.6805213341
pW6kkWpn8Q,4.26759397733
J9cPQUuuOu,4.19980853923
6WpBmlkrjy,7.26223658707
mKOt9XL7WO,2.41812396261
bC8qwf94sA,1.36610777417
mKKo8DQ7CK,2.26611047709
HWS6BkM75k,0.633589648267
C5nFgRuFLm,2.55594538906
c3h6AtqV0v,2.85008301375
wchbE5C3Ef,1.77377708933
DNQoydMdHv,3.85402310247
EaTf3i5E6L,1.12053305356
5vIXcr9QRd,2.90121778262
vPXkW52DfY,4.99392487134
pU8OAFmsbB,3.18314917516
7wGQeOiBmb,3.1189510577
sGtEbbrwfK,3.050970288
StH98cWWsf,2.56480603283
WhpwM3JZLy,3.83824647429
O3I8SJMOOJ,2.83490590072
eUxHx1IHsP,0.0178350693195
vUub1ApUP9,3.25619609976
Y7A61MzH3D,3.90122104155
a5PnQtdVZ8,3.27434104976
RxnPo70npB,2.92014931428
N9v88CHSdf,9.9881639526
O3YJHfNy89,4.06122984373
21jgR4LXdg,1.78712936284
wTnJ3xXsb3,0.0376753517541
tCvsATEjLv,8.00800047318
rGKy6x2LW5,13.3476344749
4rHuXiEOX0,2.68094453553
oCJvl4OdLR,3.50772846619
afmDrMsdMV,5.20802187733
Ltev1Nylj7,9.5670234649
Xl8zO8ma6j,2.10775635898
f7n5CpCosP,2.65893485123
KXmJsEjxj3,8.00860679628
kNAvIQyUkB,5.32383116811
GLUYEzCBjl,2.55386969752
oSgxmKyxyc,0.704637158074
PyU8avWKFX,3.3927795622
QdWRL91Ank,5.50903698444
6lwtH5f6Wq,3.19067812429
sRbGcrK1Gf,3.01482389139
GA6HRB33AW,1.78843426535
7ncDRuO4Gu,1.57307585408
uvKhW2w8N5,4.32671104086
HkTtEnc44I,6.53393405522
vQm4DpseFM,4.00362714491
pn6mNKAitA,5.71849269417
OCsIAnrNOo,7.30983439169
C4qUPz71f6,1.66428383701
A9tts2HhAp,1.77770784047
DDw2epHuhp,3.98586395239
jK5rSxI69f,12.4566111857
7t7lv5pLny,3.52440881631
xxSvYclvTa,4.65458164213
bKRwmBINSO,3.01102871752
teunWi3F0v,0.798540543813
Mqcvhcsd9E,2.07441089399
KWLBlrMWgz,6.84582639149
EtYpYTrilu,7.07026470945
9q8fJODZl8,2.86973519984
35aI1ZGjBF,4.06514614103
OKkTqHYX34,4.00853342853
3vx5il1dW5,1.99833059569
ds2mnwuk3a,2.2357987136
QkJyx5RV9x,3.60657615488
NFxSPJGIXj,1.43508473764
rTKawjMAiZ,9.77611884969
E7qGhQL3Bt,1.8476337428
daSRSLhabv,3.033716634
5aNMVAXx6f,2.90621475966
iv3178LQ2M,nan
fQqt1qHnIk,0.672331705984
R344NWUVC0,2.69802234891
uOi3S2rN3v,1.40907327168
ILHd3nf0v3,5.70483907676
MMrcn1VaBY,1.87055822163
Fb9XjqMBoZ,0.237352576398
jqg9n6pW1m,0.00281991839532
BfEeIDwDx7,2.13206253824
FaNhd2EnV8,0.169748020799
JoOneMlhHA,3.4482319096
8H7omnJwfW,5.04990451393
RDS3fVATuk,2.99986325282
d6U1kC2RU6,6.652412487
1JCcOTpRMo,4.32259580664
CThlMMJ5s1,2.07870011595
9VHBtCD1Nn,3.93030382261
LeYl8MhmZd,0.0070526427844
KWc1iDYJDk,3.617472381
9v79JuS4aA,9.61163726878
hDZCmnCxxv,2.32409226044
bdKYcHXVvq,7.12641500363
3B7c8RSCk6,1.50255976162
g2MrW3gOpB,2.37117322314
szq8jlsNJ3,1.1372723745
wxFgej53cZ,2.50476392871
NyK1WHWGsu,10.5633775202
oyrGsVM9Gg,5.51055272511
XpZD3KZSwu,2.84513533895
Ji3UHv6eGY,nan
OIf2nISONT,9.45825336095
AxgWPI6SPt,1.25820700154
w3X241rM3B,5.56855632931
tXK3jnZcec,4.50000332983
qFBUii2wcG,2.31883972323
ZPOgVE7y5N,3.0900417592
33nLLxlKlT,2.76948092783
MJYnGE9PEC,3.91775492331
2QHkFTdwqc,8.49778578914
m4D4En2qHH,6.2951187531
Yrvq2ZRwJi,5.25244345337
dkBsoQGuyA,2.30115076579
hjJRI9cLde,0.941349495161
L2mZ2ncZRQ,4.1161769896
3S2ChIUY7w,3.16787228707
juR1CYajah,3.00450993093
4cE4osn2rK,3.78328082779
44NsppIfhi,2.92957446832
SO6aC8BsUZ,2.22976194889
qb6lpfa3SI,1.08452530966
ydJs5XeStf,3.22135272174
oPchKZxBEU,3.48701117177
amgyVFcXi8,1.48930676667
OnMiFcWc4A,8.83447142511
7quigmOFek,2.71638676467
3hoawZlHu1,2.11828953041
1UN7HlbkM6,2.6660223546
PTMXxaK2DH,2.05921239394
iZflTnUUw4,2.58398912251
DeJH2sYDIT,1.8093747705
T0Y42XR3ma,3.94216936944
T3VaAofL1V,2.67904542665
5wGRaPy7yc,1.34226209187
EJTEsHRcdm,4.0436160182
wpU33xtAeh,3.43439010546
OIctsmiZ9j,1.12668565513
KZ4FuZ5yEQ,3.39717383967
gGKEPyCP8H,1.62507694991
OUAFTFcZoR,1.10126083918
TAp6gvDqVq,3.41219257189
yM9FGHpoSe,10.2939180652
Rgo8XD1OD9,2.61012851341
iXAM9Tp1YS,4.21447175332
XSPMPKrIst,1.35149011324
XgfV4YFYC4,2.85124826821
t8DcPJAnFD,4.61840921816
faiPfNMSt7,4.8514367133
TepOATwQHv,4.18738090317
kOcympXMCd,2.9823752789
OUlessOlDf,2.11711112324
8CWXBiE3sp,2.78074063609
5RUI8G4tVV,4.56499572811
yRxofu5yE6,10.8592618582
7QsRsg2gaI,3.37666271387
u60JMgJeel,1.25272190148
6xDMlThDWq,2.07289902662
PQ31dERyQf,3.03263580743
7fYbvyDeyJ,11.8174563222
m719lSsrgp,2.97426307538
UudmsfdLPc,3.7788258317
8UdkP7oT2s,3.67616675338
sQIdBTjfAE,1.90670208553
wvFviWjiT8,2.48890202282
MVqFVBkocj,4.16530569616
VaioCsiMze,1.98001777804
m3M2vn5cX5,2.75984770765
M8BrGhLT99,0.813258187362
wblsiIP8oV,1.2058543203
RyS5mZSio1,1.27376704408
ocUE1xcDAA,2.74247898123
bmPffpiNGF,1.10571425963
nNMCKN1pAH,0.0104358751304
5SJQREB4ox,2.70648748003
WblrwQKl9j,2.75696327667
kfnpIZQOEH,4.41868817551
qtBb0JI8Sg,1.63187587571
Hsbs3ElOSv,4.31387822752
kThcSOjJ1O,3.14637323428
HyQ35O18mH,2.0679233492
nCWqKuD64O,3.68377452196
Zg2hbkB8RJ,3.76055493836
vqZDyw9kd4,3.4661629822
K2KE9mfKsz,9.45753830879
lntLImJSgd,8.9427283595
6cchj6HRus,3.79995347564
NiQmuKFCDq,1.98403573883
AxK3XlT8xe,9.12590397546
oHLXxcDwpB,3.06729009966
34kIgQZj4D,1.12649355798
tTMZAEqdVY,2.48563111506
czMeD8Kbiy,5.23812102383
870Unhwsej,1.66461896242
w3EVLi3qGH,0.98781106223
XKPxhuv2yr,0.792075091436
4L6X1m7Nmo,3.1612473826
E2st56RSSJ,4.4869793896
Jvc4vQtyd1,6.45950977483
edEjKnSsdu,1.89675290256
HiR1mXnbLV,4.88152455754
7iAC0bN3eX,5.43153047355
j60CejDyV1,3.36080506719
yCauQl9JjH,3.03263580743
yfXinmvl0H,1.34577858537
ZOYalU352j,1.27707341578
9YBAotcrkO,1.24483993409
YKxoig7ugX,1.95900469677
3OyhYBEFXt,3.2409699073
uBOT9iXMAa,5.28444486057
XYdSwvvmT9,2.04098867721
NYTDjFxU7i,4.08691061623
knox5lbLom,9.32183521358
YyCB8Zh9Ve,1.71938366606
1AUqqewikk,2.90140316485
llyfymYd7V,1.22783342391
GAbVEmLFmg,1.85870467162
zWY4JGGdSv,1.75392884357
fYcW5tTJcu,2.39909069847
y7BLj97wiN,4.01558444152
XwZ2gnupl4,2.92467461319
EWIryZCXps,7.84394794525
8w5di6JuVh,3.04736955479
5HX7C67vTr,nan
F8pnZhY7lD,8.31797809259
1SdRQiPiaZ,1.90660288104
fL8sPd4u0z,1.46774851798
LRYkY8Nyos,1.48721568421
4YL3BMUBiT,1.8887964978
l1hCyYr3tP,4.50162621419
fDAWcUxneX,nan
OKV37T4vik,0.0280794439445
C2FlXI6C16,9.77621388859
uPGhBbYMI3,3.68377452196
gshoRvaExE,3.26334393949
QoVl1fCPOW,2.10318243396
m8srICgMBz,5.08580139506
qhPFsb6c4Z,5.36868277408
hR5VHrvG4J,10.3410898724
MqEmtMJy7b,1.42293326368
n5KM6mWeOf,5.15980588585
GXEobGM3J9,1.67190181192
trs5QUpDDO,3.99651088999
CqGMBET10X,1.66751951189
4DO6vW1wIY,2.12252509971
looI7sujXM,1.28835404229
59VY9ooS73,2.18402788334
eTYCJNqOjC,1.68008593718
rRdubHMFUs,1.12799549457
tUiANB62my,1.6434195695
bU9lkO2XsO,nan
dkfNuY5KCR,3.24224617812
ouEUMikXUp,1.6967765095
xXsveaqFNg,2.2592707216
TpOyYKD1H6,2.08915477922
oCtBTTCXGJ,10.8127897534
Ii2rVynCAi,8.71441186616
WoCHDZyqx1,2.04205558857
Y5lVsvMT9R,0.0820833395569
4GHRQV1NmS,4.16649912937
phpweN7FZW,1.59476805854
FXtDkWOnnq,1.88518602962
Kqy0DP5IAp,2.68539677001
VaRSFPCNGm,2.14989725417
aYzR0JDg5o,10.4031329021
NOMfpcLrVx,2.57668478544
k3yb9IbhRc,6.96963819113
txgNGU9XtT,2.62702716269
W1XuSP41Ye,1.55982130275
dRgQXxiKyp,7.29811403432
FUVwJYKUlo,5.71663389655
VqJCzFKkI9,1.75480672364
3ihiid1xAJ,4.69911563375
EREslKsguU,2.86782186833
iQhCXLMYSY,8.07098308807
1UbV4QJAlR,8.48984367485
xlqTuj3roV,9.54685854078
cGYVMAP3fA,9.60941302327
4Q87sQdANC,3.05296436424
JH5Dog0KsQ,5.87282348179
f5IuTpoWqn,1.19096600971
lsIrgTe5Vg,1.33704870806
pgwVCBA22h,4.42792214301
QXRl982XzI,2.68839714765
xSTVMbTbMq,10.1903001405
y3xQBomU8J,3.89330031141
5rsypHkr9n,2.73687350609
W4ntiGPwgv,2.17651111409
O8wie1KGQJ,1.57291999834
7wRHrnBZEP,nan
BhYUasEM7p,2.40706714529
mCnU2DuKEp,2.31456571866
FhuASdd5ms,2.41296757485
sITfFScZ4d,3.1062554362
wSMyEGLIKC,10.4031329021
WERjP5LlXx,4.41179929393
4Cw5GlVH7N,6.47415307396
KHYQrlY4e2,7.89489908112
m9oiBxosfH,2.19752259076
UaLTM5XWfV,2.53241903969
21vt4JH6Vp,8.94353898546
cK9IpDq5l3,4.74178421177
IdWPGeqiqb,10.5575713102
AVTStYOEwu,1.54093359401
22DVhGEmUK,1.41649163754
GE6EPURpmn,4.11938197908
kglWYan7Ux,3.67929049722
k1RPVeBhDU,0.324610282191
xfjxsP0QFu,4.71529023745
YsDglllES4,3.81062884442
rwdVcQa51B,2.91242896862
QRfaJgI8Oi,3.02840655441
PQ8aSYC6mg,1.11461875939
svXf6PhNNC,3.52759976431
dvFjujdXB4,3.25275398036
7vj6fDM6yk,1.04559026675
TpIDifZES1,4.77930192969
OankUeSWJL,1.99383342587
QEnfVWaWVH,3.15589701939
lLGlU37lwW,3.81116271771
NQAOJLtpCz,1.78932417179
wkF4ajejad,8.68526176267
e8jN0GNLx4,9.73350184605
ktlyGmsoAt,2.07198843357
RFcFuEm4RV,3.55484056006
1wk79g78N6,3.26276640936
9DXA8WTTTI,0.966221282726
pAPSr9Y9aT,8.68414810959
Qd2c3SYTgM,3.02032080746
KxBf25rbaE,4.1266420862
Z3egtF5ium,2.19134987724
CPaFlpyYdS,1.40021560555
sN5BLmrETz,12.0455482023
AgOFeBo0mh,1.87188616723
JflD1pPh7h,3.87508657466
UabwNQx0ua,4.32664977857
u5kWlga0FB,2.50458996187
Ovpu48pgsb,2.61720055335
B9VrqoYKGe,7.65276818073
I7Z4nzdHIe,7.90061910768
pjR0LRJdZl,8.07745129427
dFsABXAMok,1.02364594072
Zl2aZ4LkYU,4.6831836625
BCPtQamsuK,2.44265055732
2fqfRJqom5,4.91158995444
5ESpeqKJm7,7.9710916501
aUuEZnDmiM,2.78576459794
eAKxg4dOZA,3.02463021519
LSFwQMDd6w,3.65962019268
ugjsWyKhgC,7.13194961873
TNX5UTFjnN,6.446914125
0Gus3tRXvV,3.15516089657
y6yd2RzMyI,1.59898845594
sj5cla7eqJ,3.01577123388
IJxYEVHRto,4.28073020151
QriydrGiVM,4.08731563699
dg5F5PLcjb,8.68245310927
NBvg47wrDz,0.500517474381
YJ7GNsy1tS,0.292655158535
BlpPaSfwVz,4.74599743884
gc0KWAVlfF,4.70858369708
nHgqlxmrc2,3.96662034433
YNgRU8DwVI,6.94792743627
PPSiqtw2xl,nan
gVjXOFOdyx,3.26670870867
dk3zMxer5R,2.78182971346
ldWmTAy5SE,3.71884988553
sTIJARxmgS,0.951073472848
CHJT6elyvY,1.84859308768
Tw2LaXCVPP,0.883503593803
OcaIG0xxoI,3.23927918567
WEXOQaLpOM,2.70118708337
R5OKeRDdlV,4.19187193823
jTQqWUp4yQ,1.67037982926
cuEM1tYN0X,8.78887900014
qg8l3oRPTI,3.58275113669
QNJ4LA9XML,2.75520765846
Y42JtuMwmU,1.60148615768
L3WSrTPa3E,11.077056967
r07IsDS5zL,3.04040278391
Wboawpdl57,2.21409675395
XVUg9xVUzF,1.39360297982
bB7nBmO31t,4.78360841012
a9hgMceroG,2.54076137758
ASthKAsYBm,2.31772416802
7JMy2bLnH6,8.68526176267
cQaLz7SkiC,2.40392209404
kwyjY82ApT,3.00289409876
13piYmJNkk,2.95345315932
bO5b42h3kU,9.7279623412
sUHuNCPlnH,1.69843036891
A1DRlRuPPl,0.783306635317
dusJyedgo2,2.95390443926
TOi8DvQIdI,12.7162187171
695HUMRPUe,11.0086895968
KjnuRcLFpb,6.26334218502
qaLLeSoiPY,4.02958537417
troD9q6i4O,3.61106746978
aqpe1TmxBo,3.56444366223
6qjpUO6Zwf,2.90455531929
XQvsUf6teX,0.735116673054
QpuMgfNeqp,1.34611304566
EAsrVUmVRF,2.92381868535
D3IiUjd3k2,1.66710964211
RaeZFYBVVR,3.05794818232
EggUwhSd5T,4.49942324846
hYlWlZo3OS,2.17881366422
LGsHvgzx70,0.00390571061762
7DMbueV6md,1.80267159293
WXyklsL8Iy,1.32384265153
HGRfaCGHZo,5.96801347059
YcCWuSyhiw,3.89037223298
bW1Y5E4Mgy,4.86678312213
x6tdAeYMWc,2.28013250947
9IYxNArELk,2.15765736423
FR7fII3RF2,2.52026750961
Pqv48ay0Lc,3.0171106845
Vs2AgFbRe9,5.30704801503
qH3vum2EhX,7.60775006852
PDpsXMIABn,9.79040669663
tijqfnRidD,4.25546983038
YF6Jlr0MsF,8.76192866317
W60Nua6QmS,3.93443473316
JogjCLSe1d,2.28108218282
dn4q3VUoDY,5.32929777679
lPWve0BHa0,2.29798030254
mem2QwVRQU,9.94734765089
cpIhyOapyb,2.31119606933
w7RP8X6Yr8,1.59147738606
poBHqARNpO,4.68016273275
Ik6UJtc2a0,8.99212379714
y4tmPZxZ7D,2.29627308046
rWnRjqmKIj,3.91234350038
CS4jYYDnI1,2.45246741598
vtVFJiDL4l,3.53460418165
pH77J5BCp6,2.01212704958
tiUVV7HWZi,1.49742557857
EbgqRYmRTh,0.895868632634
ktO4LgDx2q,4.86642082663
jtZPuoSBEH,1.53064582602
ze4dmNdItj,8.35977318923
ysDnfBPbPF,9.64254945543
9pQCuh9UbG,7.36679985338
Uh2GCbWJbA,1.96818265334
lFYITXVXE5,2.82976623734
rIEaSbkXdY,2.44977025214
IGNt5Dj4pM,2.73025749175
hTEuQx1Oyo,2.39843427583
vZMYTVfMSW,1.20410789793
YI5l2kgv0U,2.78407447751
KISkWgnJDD,2.2693587593
wiuikmoDE9,1.82778480419
rNVISvbJti,3.5564376824
nSLOdj6lXG,3.73469866976
xU9JjSIPfr,3.85969079014
MEVCWd4RMb,nan
y2V3KvXZ7T,2.40893711366
RiVPl6ZdsY,2.8323880763
sfsCy3LQmO,1.63133090277
gS3FGe0cXc,4.9905260347
hrQTnweDvQ,5.82924731196
Gl6fDlEnTK,4.9222650646
jotzGxVMY9,3.49359060523
IgDUJcnTQ3,0.0241302180437
vVDjfuuGmr,1.81673415081
1P6DuyVCby,8.36255038363
M51KyIPeOu,3.03299094061
bmxFz8hW6d,1.9251704261
VpYW9OolyX,1.9841146446
4ZuEBFsx7A,3.66947120209
XDm591ikAa,2.01698470166
xVjclNG6Z7,2.06545840423
17IwWix5xI,11.8627719068
clS9sX8wlJ,1.65379779738
eck6JZM02V,1.98303502988
q3oL8tkqVH,4.97077394885
oaKRTDEClN,4.72958818235
A6HwTS8Cav,2.03745449271
CM10vKKnrA,2.74485188446
Jca17P1TPP,2.42429268032
jp3cOxX8GX,9.06013909942
LfQr5gWvPO,9.22233828616
NBn8Ng0Ncl,3.60050627025
kJAPgmAwsD,2.69187170041
k7NXBCrLuS,3.84361148646
o6CVHtwuIE,1.80906669095
8uk8FDxEKd,8.13237370292
j9w4ATLgjF,3.85670522459
Sv7ygc4hqj,7.24933170574
yBRr6ACmrr,9.62285913068
gCqCdO7fIs,0.0921265268854
xPKMKaM5J1,3.47712068455
CYDz0HiVoT,3.4820046591
x8V9UFIbB1,1.36192003287
TRXrGCE1sV,1.86535484788
AouodlAQDp,0.358110189705
Sj2dr9fcPb,7.91076813733
F3fwAmq6bl,0.34089561965
kYV9DorAeB,2.37920951643
ExlONheP1T,4.19041918388
1fLd7W3Mej,2.48153324531
ERFz12Xdnx,4.88903400197
Ns8O5opoRJ,2.30727303095
3D1H6mbxTW,3.1743400229
RNnmOce2ok,9.05346659338
bpSaW1kkGI,7.62696991872
MXMZAqkVe6,1.77510319782
5Z6BjmcRDI,8.19803461452
fZ2luM44qJ,10.8201843261
BfAKRuhTSa,4.31722120549
mhLCRjQNlL,2.40901983014
uAQaCEsedG,3.47307034646
Ag7Rk7k689,3.29620967191
LINamiIpZY,3.43889850245
TIFFKbNlYD,0.337940875572
waihdyne2E,0.97447385432
6SpDtrYQmr,1.88329027707
j2f1E3GPoL,7.47883209991
47ghJgUR6P,5.16298442276
I2KYdYNBAk,2.3198044411
lpPOuma7Qh,9.03197443701
MKJ7Rk1Q2M,3.27981266472
dnfniogG0X,3.33864055357
lZjMS49RVr,2.03679144037
CS6X05dlNh,1.17164920201
OHfh3w6OfS,2.13812712361
ZcyRcTkYXx,3.46579893154
QW01dKA34A,7.27536370787
5lNSTNXxnr,1.64646341014
8i3BdRcDWP,5.0467447472
PPOSglBTZQ,7.28463019214
LtC5NQmDBK,2.54115610413
4DXdGPCa6w,9.60498513383
FasppefoDJ,3.44676405566
5ZS2z9Wfwn,9.12590397546
FuDdVBLnMO,3.29978058776
yQmoAnfQGa,0.471136364407
IsuommxINd,1.49731016813
l5KrYgTS1v,4.23495632737
9adn6MvFYb,3.72088521193
IflKgsS2JU,3.4732743035
aiprLcTHPt,2.2575791048
9ydmWKGOmV,1.93660653959
YUPEE4nWPL,6.30950675149
DWh4rAWA2x,1.62618796536
ggVbKQ3zn5,4.2273770724
pLSKUvZmXl,7.79404237518
8SaWuHI6kr,2.71605667489
0Cjubyif3F,1.18697812872
87H0l9feY2,1.40067427699
iNNeRVFQVa,nan
uHaiqTBf8S,11.7496112047
4Dwcc3qXPG,10.2718510129
UFEAcPaQ5j,3.37549905224
UM3VkEhQDb,9.81402739589
v3enGLBlmr,1.37043261913
3ZlTDenW5l,3.36358382518
YuzpuKQUem,2.84377474091
5UlvWBPzlo,1.2079203297
BOjgMiVNVV,3.22873535936
fT7UmEWgJv,1.48809567016
C27TMbuKRK,2.55429809389
tFy1xLVpZE,1.91775539617
DOXrCnDNZz,3.08686549779
QLGDAyu6Ss,2.23251460524
j1TcyJtjA4,3.75993203259
nW7W8XrRxF,3.66465453995
ga39E2kGEo,1.03943277424
U9cYfhtjFk,3.95686304029
hG9jrgMOSK,3.08950526274
1fNqNvkV1I,2.24302073099
dyE9FmGa9x,2.71534878979
pAICNFBk5L,2.95128081331
1iKCOMGHxq,5.32318289741
cPaRNfDy12,1.74848105987
BEb7eXHPOc,nan
BxFUedpxFY,2.88686421818
Rqi9lLX3k8,3.21923876168
xDbeu2AI3j,1.96517615036
JOrMODL35P,4.79027354555
du8ll5St9L,10.8933032573
Xrmw9mlaSp,5.45581681716
jyn9lwqDZO,2.5161612916
CmPh5sdgCY,2.29821713193
ZMEGEMdAJr,9.47981031672
X3mycmBi1F,nan
GSilN5P2Yq,2.66733812539
9KxHLlxNnG,2.76613626797
Cyw5DBtpgk,2.5682000926
nq3MJJNrQn,1.80956444384
ypJNmV37iX,0.970383413015
Uae3OeR4Jb,5.86149398775
85IPcuwZEk,1.99542509115
2CRyx15a36,9.47200423225
D6egsHTHhj,3.62756268163
YRd5syEt92,2.36584858891
ZxTInlHPKp,1.39646805968
mwvh3uSLi9,4.12924601007
dm8owwiZoU,2.58409552802
wpOdbk1upt,nan
QkGG2xgM1r,3.03837430703
xJVRRuY1PK,0.564963031379
8mVfGbGEhL,5.98446604923
yLicQLJPNX,1.14451971303
WQeD1pNmdM,1.24208393334
cMcTGdLXRd,1.45167477453
8VIeIlnHqH,1.77907911367
rYykj4Aaxt,5.29269287307
Hu2to2CMRH,2.2216996477
bJuVyBFPP7,3.45778906322
rkFRKLK2Qx,11.9460901974
EryZbhOrWv,1.40907327168
gslcBelhQZ,1.85541995659
6UbuSYm0zE,3.73586858603
p8Hwhhtg7r,4.72398882711
xJoDuLqk8V,1.01131335116
ye2LdFbyXv,12.8285195547
n7Emwy8GkG,3.30865991544
45UxqOPexE,4.52427484353
tIGSbX8yWG,3.16851858698
XxskSFUDmy,4.24573014298
JKTyJGJIEJ,7.72455012545
YxGLnRkVla,1.20366140647
rBXFkBLLG0,1.40326315631
B2iXxCwVE2,10.3917011661
x4tEaz4NP1,3.24066879748
jk7Lqls9CI,2.09895322814
Od7KsrApid,2.71534878979
HYXvvL9ycp,2.09419359032
oL38ONl9B6,2.61296287034
y1RQmyQTci,5.27122274429
3oDwj6y1n9,nan
y4o7XHhaWI,7.21311399606
P4G7Nvmgui,3.18370178111
TVmeZEPtJU,2.17395217506
7jSTMEywua,2.35879580801
CKHLs1CFB1,0.709940449265
lILfRB8WOI,3.42404718396
dWF4FN6YtN,0.00985629930919
xkMnijr1JD,1.56339889116
CyXvEcc8rI,1.48074079363
HJjSaac2wS,2.94091702806
MqGZCAUBw3,4.20171627129
EhJrAGn63H,nan
QtAZDu2VKh,3.41317039523
YSNB5WhaH6,2.08832295834
69DPDZZM6v,1.17598096121
hnbmcl1SSg,2.06269232771
R3Xjk2TO5E,3.90561028886
PsXhiP5w5l,8.49449792484
dCxNuKR6DG,3.18300563593
9RNabH1Yj4,3.08809428963
WHXcSHP5ic,2.43856539067
swwecpX0bk,3.76307989226
7LGctqtaQG,4.15360396332
QV7H77ZlSP,1.98116332538
h4NUIj6fKK,7.64449154708
skyROSGNOX,2.68388340145
UQYmYvUGb8,4.04870899739
S7Y47iLY7F,3.36106226972
mJB3SjL55a,2.49132269395
776IrVTs0i,1.89037826702
1b317ZYwlA,3.631289508
HjIGEayN7t,5.17674299921
YRa9m7QQTf,2.39817574801
cks8DW5lt8,2.95029064618
Uzemx0oGhb,3.8151334577
24AiERCwT2,1.47049164701
JfGPpKnTvZ,2.77204557316
TDrNVDwXXF,0.573002716164
KMT6DmpdZ6,7.86801177708
PRttCWl1tK,1.73843365277
gxYNCwwhjE,2.94578748432
whO9A3ccck,2.19930851879
q7ibHSwKD3,6.92981235849
XgMtE8BrOl,7.10164999103
69qsVqFjZE,3.51321403833
DWBEEGOUfe,1.27755724511
WcORZ23Jj4,1.12155331732
KaAieVFBkR,10.861802563
nK1kkQmU7u,3.80445411139
AGBAglqc9o,1.52809901649
7uJjDKSQBb,2.49997845079
LS2ppDwKiw,3.03588625151
4pJIZ7Ovxj,4.78941658954
VvWSqsFbmN,2.78731241963
PSLFqVinvy,0.013541383422
xkm8Us3Bmq,10.081827121
cKZoLc3Zac,4.0262632051
BbeGCiHtl3,4.07370254902
Dvwi8TMCui,2.06280074184
3K8uu9x7fK,3.11130054211
Fhipy0Zoi7,2.0847336258
bLe1OqXvQH,nan
Npl7xx3OGg,8.10429291236
jKNjiIKoi6,2.62094160579
voWU6bw64Z,1.97950356025
aKdAdgO7A9,3.79949162681
Bd9lp24I89,1.62654804903
FCEZ0NmRTy,1.23579704372
83nYdIj3VX,8.18207272365
tCP526c3DD,2.90969959293
eAdHsmN44f,4.43603321398
82dTYXEtED,6.1831181198
XWebJTr5cL,3.21660280253
Tju53YJVvv,5.14252957367
EwKNLUc8NE,nan
9v2yCpgfGe,2.31451901286
rllmOnOhji,8.14418909646
ktiYW6lbkL,9.11223441875
gL1BW5oCOC,3.02026350761
CXyHknxk8q,3.6923980617
eDqwGjIo8S,1.42793705183
7n8tY5SgI7,1.7903441784
SsZn0jKe5E,1.24713292692
9GBrxnplSr,2.45062693484
RiI40IL1OM,6.9420830934
hMLCAPOiLC,1.19700483694
9ScEFxIIJg,2.9796236046
RdIumBSu8E,9.20383350981
rdmoiiuTxw,7.19743160445
CTXaSN1RiQ,2.21897136897
I44bRiTdO2,0.592665031448
IxjsNMVmQd,2.04875529936
7MWPaCkSh5,1.1064650332
WQlOjayHpt,8.44691959475
jt9odHVZfS,9.60941302327
19O3TzZgUz,1.13029142419
BmJiW7USsV,2.96575326222
dXOArpqkbX,0.509549004205
Jh7nOGltkl,3.27292337263
7m5xmaLar1,3.86533800304
FUxgcfDdY9,10.9655566459
6tbMKoCuHR,2.00391808674
TXZ962PGgJ,3.37138578253
oigv91KLlj,2.51522122294
LQePvPcdpq,2.80344379892
9mqGPx5Yod,2.45562162876
j6ct98swph,3.32706334843
j2GxxgLCKR,2.10371163736
W9bRdhM7DA,6.81438588931
g3KHkaKJgu,3.44119164098
hulUZG81dt,0.00398380969737
H7AKTTeqM4,4.35610884055
NSf9v8k3ou,2.60199293681
ITlfQZUI1n,2.0568181728
99Cdiy7TKC,3.26276640936
B9WBHxsa4u,4.09467154818
9w1VUeJCQd,2.92865721797
6OxZ6TQ3xD,3.57653708349
NG5ukkerPl,3.12108137412
G2besxadTb,4.2844750657
GQE6IZilp7,nan
otYoqBsEOg,1.73659507839
E5ZdgcOmII,0.960166155879
dC7ZjSrI3G,9.98861598509
FSoF2tU6GB,2.60113197438
gkZUswAsKm,2.31680933139
pHgCAT1rkL,0.634972613822
nw8sZ1I3Yh,2.66614162973
s5ilHZqlRA,3.58027689054
niRNNjUbgV,1.71898451174
Aq0TMcnCRn,9.40880281136
jjzRF5txww,1.57449465718
JVtZvK6xir,4.41179929393
IXAivXSQA9,3.85249759157
svqWHwEhRa,1.70637259496
oKxDcB3HSN,8.445255677
K54GPTIeoa,3.23472044411
UtJMa0MEcB,nan
AkHhEv7oNg,0.979116731186
drxIq9c2iZ,12.4574420148
AG5LoYgsed,2.9548971847
VZm6d9OWRV,1.1063392075
acphYs95Xu,3.91356812296
G6jh7uGheq,0.192268290215
PE1xvHPTPa,6.95715236662
sWbA6voDNi,4.41782421578
SD9pjt9URV,1.42946070514
8TSwDdu2Va,2.18476691263
CRAt9sXBqh,1.32128983748
l6dxq5BCCE,1.56140821676
mlkZLPZiOo,2.21113620294
aCTUEPLRRS,nan
h8CelnhbL7,12.2531508346
u7XJMS1lkI,2.20551634054
HN8n2agMND,4.07808386155
JvyR1WVWp9,8.36824088043
pMUkcrnNYB,5.10234235898
vJuMVp3eKe,0.893630352288
K4WxqinSK7,3.28056324934
H41y9Bs0gs,4.57563865266
bKvKvEmsYz,4.87012558854
HJfEYzHmjA,3.29015234045
c2vtkmCz90,9.3472790655
W5XnzPfeAw,2.56901458202
xcYarvHcTg,1.82794506428
NBYJwB5GcD,1.40931333709
qFvGlqwqTP,5.69295333376
c2G15j0eQU,3.32985511793
Eb3AbybluJ,nan
vRnTHipuVX,2.88437523739
mLAqOtGEUP,1.3968349489
hDXuJrN4H5,2.15913978842
yP1XKTwOVV,2.03003228821
XeF8983CV8,5.59418211228
ymTYj1KlnC,2.47399173996
NMAcQkM5Uw,3.19994082343
YrqICKcxvk,8.32543327928
On6YVK0hHT,1.34621448912
bPqe7WG6XN,4.01558444152
L4Dtl5hbTH,2.11694033689
AaWg8hPMlH,1.00640552906
WlUJLK7ZSh,1.86177086605
NlcyTcSXKr,9.49425116822
GaSCHWJFOW,1.36995096212
nCvSFK7gPQ,0.0184756887331
r39M1I41XG,0.747536185593
OS9zEcpGUB,4.68677330006
kdLPqMFE9t,5.83816537396
PGq2QUTaPv,8.73535686307
a14jU4QOtt,3.48638253308
i91n2kCU9u,3.65243893739
qmuAUtY5jX,2.93070589777
qUf1SYfoWs,1.31801503301
WJZwXl2msQ,1.49681332249
IWDPQuQEnH,4.47577801026
ZVlIuReHtY,1.70385731165
Viiweg5uwD,4.00289878366
Im04oQ1KrR,1.46695679344
6CITelqCje,1.66266053873
ecASR75k7K,5.64905576201
GjS55aypRU,2.86134837186
5rVY5n5O2T,2.85629214687
bWNW24Nsax,2.23175012956
DEV0pAXGOh,4.12666417367
OQOa3m3sEP,0.928401666629
YXAoxoDf00,3.44251696075
W28G9v6tY3,1.60149770284
s7ZItUc9gp,1.52266531589
8XIgOd2pQ5,3.56734494647
l6ulaS2dr4,4.52264246256
nP7aTod2Mr,2.85368003389
TSvzdDwWn1,10.9496072587
5cOn9iRcXr,11.6941332901
JKUvLo8uHk,10.3274616848
Tnp8MJuhg0,1.28494304357
JF5RUHBJme,3.96043576378
tT4NZHBPuk,3.16552318404
eWM1mqnnhf,3.01361901626
obzNnJkehU,2.41505112465
cqa7K9Pj0G,3.53500113008
OFZmwwgBt7,4.93911659798
FeI2mmupxh,3.37935579551
p2Hv057sC3,1.6860859645
1DbUXwpeWH,1.28415474092
beQqBN9wyY,2.5946583212
NGU2wOI17D,2.2464674559
c6cQrdFhBX,3.45008103818
65JYuxPFHC,2.82064954622
Rej0nq3D7j,2.7216785533
wpMdlUZgbU,9.39788980803
J9zw2Rvc5s,2.64940168015
Art7RlSN5E,3.58129926899
hB2LbSBIM5,2.35433091968
ScG1OOM6Cv,1.08594159128
G4p4FTkCUW,1.64071930983
c4NcEd6Gc3,4.95315709743
BuIWSG9eDy,2.617937935
uj8iwQlYJu,2.44943374653
FwwNyNjR8X,4.14459752824
O4Ym8H5e6I,5.00432566499
tr5Bv1zgym,2.16421216799
T1OjUMF5Wc,1.72450273095
TlPOTNCCYE,3.70160653133
JeIvd5lBRw,1.64461346528
iKL4jDQyRZ,1.61096828336
gFigGfyEyI,0.414290826509
ovF7aXsOok,8.69776260349
35nU7lpRBm,5.13134450021
WIZuQRlcFN,3.32017853013
l45Ae8wh1B,0.361610070128
hccpW2TavT,10.1171206776
Ip4vm4Jlp3,3.31595177511
uhaBOg7nBV,1.51685646466
3QGvKhTgA8,0.97843279849
M4dcw2U7mb,2.18097677645
NMS9ydokKF,2.68289583716
fqc7npkjrG,6.59460615334
CftsziGYD7,2.19146120904
thmwywJb1W,10.201207951
mB2U7RaVbM,4.6805313421
z6yBINwvM8,2.32860384341
XHDqkJWVIS,3.24907887819
7OFOYt41y6,0.889984250561
QP3oLdc2MM,nan
4GVDQqEY6i,1.47788590501
a8tuiKghfr,2.3212954584
M6jP1Ev5wQ,2.07539107494
t6LrPZLtKm,1.84367946584
X6HZKf7Rsv,1.61077902493
xu2Y4peUG8,2.12148916424
nhoRsFGrYR,2.66561517958
kQg89PQTE9,3.57054899521
HkB3YZrwHb,1.27398675707
qwd7IuceoX,2.08846418645
JFwQhVfnH4,3.533245159
T9neOacjXr,9.62694814288
AQAzjT5gib,4.14712093936
sDYw7nP5e9,10.7108014156
13voyb1Sjy,0.897196391506
GBUC5dfJN1,4.05704923945
c8CQGxO8Cw,5.10631045249
dBC4UIPkZp,3.19179203679
FSOIe6a9eh,2.33544233292
s9OBCqkSSs,2.20353455807
C5AU0gtpT1,10.5080704736
qs5Mpv5dOP,11.1860871908
B9bKuQMyiU,7.18740803675
gJZivxhT6x,2.12832466885
8TOv3zRVuB,4.21297066302
8DD00WsYen,4.84016699004
QM5GJyMyhO,1.6918464919
ijt7SQB7KH,5.14266850602
oTCVsIHcTg,13.1843908602
5B4PPacU1Q,1.48164998349
frowuVsY25,2.40857969597
xmFIju1xgC,2.84585516355
pkgtsgqF9s,nan
oIWEyC4gZK,1.62496024086
AumM0MEiyo,1.83969416392
23x7huamo4,2.60495027166
auRDLqA0JP,0.09991791131
PicFNgkYPZ,1.8171604705
Mtynk5r5V2,2.14705418014
gM4tDn9w2U,6.05229030955
OVMIGoXk2J,1.4005614171
hvCfJ70kDE,2.77722800077
PlbEBQKBEA,1.62033814104
1h480wLS2L,8.20609963172
tLGX5plPvn,1.47477039276
JtXnblMsbQ,2.26037278091
ZwrmKsY8un,5.61687454607
5zN5gCoaMI,1.56113487225
eVIXFAmlRZ,6.1135908287
Z15oyBpmZw,3.04331827073
VAA8m6AHDx,3.04018566493
imiBevO6fR,2.14042842632
oIOlw1bU1D,5.67899241799
8PhBhRdOHM,0.0242377564278
fZgtdG7rTL,2.39597523174
qNB872kGvL,1.98607539418
ihE6KSjQhM,4.14925354279
X5tRsJ1qs8,7.53291432757
9w0HYTpkYd,3.99023722261
qMeoqLmRfX,2.61833326876
cuHJTf8eZS,2.48799198071
zj3t8i18Zq,4.11205875217
UTh4kid1To,10.2153464453
W75AJo4yJ9,1.71836929808
hOc9cRAuTf,1.14808989345
q7JL3W8942,10.1806591408
LAOJkyeSWu,13.4029434592
WCfebpDyw2,1.38896544243
Mgl4FkZzS5,6.75331798469
vEX4zlZSg1,1.76182244989
bfJeF7XlEc,4.32894848137
3Ltrid9ljy,3.83784251522
Ckdmf4YoNI,3.6091896562
J8p77wvoQ5,5.30704801503
xVQEVzpyVp,2.04618548687
hsJmODV5vG,3.95347678692
dGcm6gJ89a,3.0547879584
UMGi0igSUh,1.26286577638
9gF3YxghjQ,2.45165769419
KK6eJCcLW9,3.27292337263
zyJJA9Rj3i,4.38089180339
AjH3fwdXC1,1.79506718451
CcJOXZzo7r,3.50478249728
Pw7u6KjxUP,2.80046327578
ZUNByDBkAb,2.7735465884
yOIprNEffd,2.88462982897
FtvZrbdV0D,9.6482043527
UL2P4mCs0P,10.9755348505
mBagmShnIy,1.02775992185
lOAjAYcrIR,2.26744040982
7pFjYo1gg4,2.57824783418
i2SFS3SDUA,3.81697462998
YzOxnnrRJR,0.966671089717
4nIEfLrVJs,3.00360613802
2YV1VIEWHU,1.37816418904
6pUSdwZO32,3.00002026144
jZ9IWG5vLj,2.81871493923
F2ThVqvUmr,4.02491056567
wl7RgQ5NLs,1.02428107363
bxAq1iohQY,3.6322683596
6BfWewTIjD,2.02538718029
mm8jDIkb3a,9.84682585733
3J3cV2ZemD,3.86236624945
4Mjj8No8Yc,1.47792727919
TInS4aLPhd,8.8799316704
RCcj96BHIl,1.56385761106
NB7c7p9qYc,nan
Xfu1dwtrMQ,1.42829921425
J6qatrNCff,1.14096500604
vG0JqIcZiJ,2.10173708366
icO2VTZAuT,0.940388723472
vESOQ0bDW5,2.22418672537
YOjiM4Bso2,2.37291834079
p0FmNmPXlk,9.59385626917
d5Q48W4kJk,2.40324990101
2oMPXb24E5,2.90143632467
PX9SnjtXc0,8.93104517955
hbyQrhQtx4,3.32874523477
dx6xoBs7vk,2.33089661324
7jo5btqCt9,2.48216857773
zADjWfne7J,4.02904302029
Da7pe3FY3s,2.6101878155
KBsuC0KDTj,2.64685398427
Xy96t9eQNQ,2.58106055952
GTtXhOKui5,3.01957273528
Q3CkREL73G,9.97566560054
G58yYTh85y,1.93604084338
aFYYfjNSEV,2.95588996269
97qAQpSpUp,3.10782847119
25W8JucklP,2.96330320677
MJT8dA06CJ,3.28736114274
V1RTaXw1au,4.17764760306
gDgkktDwvt,nan
03Q9wxRLQg,11.3306409196
JfemDRlPXv,3.05795066335
UlfLG4LO50,3.45123545735
3nIjBYEK68,3.43140719389
yMBIJxxiT8,2.85610072811
iIl1zAe105,7.00368374672
AFMlDQEMMu,3.58331481245
cRvQQ1XFJa,6.12006244994
HBo8mWrl1b,4.42030904228
uQNHZ15m76,1.9727745284
1gXJ7ti6o6,8.44267171572
QEhvI1soaz,1.81593918256
bZBl5pWKpM,4.78130165092
zMAR5MPJ7n,2.53598658894
rp4M03oGTm,2.41327111659
GcaWcyuz57,4.06063529636
jYwsIAA3lE,3.57443219008
BqUVIxiWAU,3.12610207303
SSs0UIu4DL,1.44818773653
1ZZ3rYKgk5,1.8538753082
chGcmcvmQI,29.1486465701
p2d8JyVW78,2.40870649126
C2CXBJohYu,7.35109638873
Zci1c4Svi1,3.40987838707
XPgUGXi0JC,3.88420624674
6rMGUm1qrV,1.7294239318
njxmM9Nyul,2.32396436983
ldwZEMLZ0L,2.45951078404
YJRiBxFlO3,3.09116351623
9RmNBBi8nX,2.52750225295
UazHgdQ5Ar,5.45021592825
wA9SDbUFif,1.27931322644
HY7raOofhW,3.48320040986
g64IRUFBwe,2.00168828461
dkf3mLi9Ov,8.9263650669
nqMP28pgAu,3.74183919131
dIIsvJ6u2T,0.749056986852
YccFXotsMJ,5.97643909727
Xj8wWAaCOs,3.12554095553
YCmntxPSKg,4.81205157689
jjLyrU7ugd,3.09961114412
UDjTEhokYO,2.0609441005
7uoeIFvJOu,1.56315955701
sux4KHjPnG,7.54907118877
w3UVOJQMnD,3.01244324223
jQIuUqVLmm,2.48659101221
AcmfX7gi4F,5.00794353646
Uoa2Hx5JhY,3.78241674693
5nYmOSjTOv,3.04839622916
fzKCeK7nWp,0.533141036569
DIePJLCB5v,1.84892749996
e3rxDt2ohb,3.06315048823
e3eaNao9TN,2.07633870017
QcuhxmiA2t,3.89435007601
MaArWWZQoW,0.0433038467709
Rc0KSqy8fC,3.13130405764
fJdjYtNYWu,7.00359095811
3ueNnD4Hf4,1.37148388201
jCsZ3syKIk,9.66122681184
G1P4LVWFD6,4.39282370223
FoWrhAeK9X,1.32132186733
uKEU8EEStJ,2.84140304405
5QzAGT2ywG,1.64937561064
Ho1tyaYCX6,1.12359481495
XPlpJjRmGI,5.89501468608
LgLdX5O8hQ,2.1163941667
A6dkKr0HK9,1.70462827105
k0TLWPcoVN,2.51125177389
sJfVEeoqXQ,2.56719430322
tVNWkIkXMC,1.40157550252
bDRtc5oZe3,9.93079465794
GUOWxrBt5J,2.80588148311
8x5VgiXtW4,3.13379579022
amXhyG0K3p,1.80543451747
8YUpdM19W3,0.497718193786
xzZwKq4Ic6,2.98207264129
NGRV92WR55,2.59934030513
i9uiyp3PKh,2.07622778594
VrBIvO8o2N,10.1788939586
utXiJLC5Qx,2.36072039363
nQw8cwNwhf,3.90142694202
btUm4BZuni,1.76750435688
p2hlbZOF5O,4.49648877381
uEmBkYsw5i,2.04503552417
J15C6NUllZ,0.593383934994
CZ7ei6IXqc,10.3918033016
3OQx5xHrAf,2.97574716952
5EEf5rAQuQ,2.37185477769
9XqchjxUjw,2.7871023031
Hc6ljghG0x,2.95389860164
3tTfgZLzhV,2.53404071024
Wt6QLy6Nfh,2.66486482963
60gUo1MyNJ,0.806543685705
goNjW4dt7v,1.50649833252
Cxdt9BFVjh,3.24961346551
sLMkJZeLOM,2.68427463889
UXMQMUdD48,2.42733813482
g89WGVoBDV,6.16721444339
PRQg9ecGU0,0.452695210601
9WPPuRyaCy,5.0706808184
rdBRGXRWEh,0.732375898213
V1jxFOfHfR,1.71097662445
kkSEeh2Hl6,3.57995789289
MNvXLIXaOP,7.42426321664
gJUu0lQG4n,3.89633966367
n1GHij54st,0.226280224503
IRypkLJl73,2.49705006612
YQIxL2IglD,4.07245261171
gnjpGsCd2T,2.79736345169
5rGQDpZREm,nan
QtWKSgslge,1.84918624615
5knowcJyF7,2.54602972997
YxtILa2LHE,1.70246013888
AoZRjZWqTj,1.32080784709
4NqLSRIrR7,1.89643142348
1PrPYzFcW9,1.6140760151
9dF5RlnV2n,8.07956798008
2hgucOHPa0,2.68762897554
KAnZaVSujH,2.09197299028
g3SAEbBhao,2.11434839134
PWC2gmrjjM,9.67198041995
EOVpww3uOM,nan
GX4nhCKCfn,7.88323589823
TeVmw5tL1r,4.01326928885
dHC5M6mhRd,1.2850916576
VUfglsGkkE,2.1292592717
2xGnGLR49s,nan
zbJDbslRWk,7.32213676571
9uJOerCfYs,4.76205105581
KQandK3boA,2.37593269542
3COm2efFIh,3.15576781012
ZCGRX6FQna,11.3136778766
P1ultQoape,2.97763525551
PEbx3S9vgW,1.25955796218
Y4MaDZgsfi,1.49256684274
gAhYyVkhV3,2.62414354108
eV23Gz4sU6,2.8077598202
MOJTNhbAJh,2.3307380767
JRcAZp3xUS,2.99577077029
uajUGGR9ok,3.68912789192
U6D5uYhx8I,5.12224749344
tYo5PXv36y,2.12160474732
Nimy58nI25,4.20358244897
Q48gBDAc8l,8.8411126534
U49DTWsq2z,1.46774851798
QSUVNEH27g,1.93930041273
GAJvfiFlBe,2.60199293681
Xrl8YY6Ka2,nan
euOoS1JPox,3.37844440328
DiyBp0IjBN,9.98476655991
GEKRGmNRet,6.32037135144
8adxOKCmNL,nan
5vJLQwyGvE,2.14912978494
j7fmPtsrPk,0.723827832006
tCm3h3YWEl,6.95715236662
QIbgv4EYad,3.1252579031
bVLjhoGoYz,2.16790046909
wEjGMC2Nc4,1.27746567581
uIRcSTYKqm,3.36581169698
0JSc0mCxxR,1.06570945394
9xIuxaSWq5,3.36905394799
89yOvX8w1e,4.48283290523
6rk7DUwb5U,1.71635826777
AIu6nWDGtc,2.09213143194
CAtQuwVmuL,9.75442638021
maFdu4T2eD,2.5477357684
f5glpQIfFQ,0.995000831258
IUGPhIC0QL,2.27564228411
kCsEEocVqj,3.05663183072
UEQ6TxuNqH,2.1511722871
ZdYxK4CR3I,5.12017121929
I0JBwh36Gf,1.09640777018
3LjgUOOtVY,2.81611364466
lhawHnrJJC,5.00299229445
STz2Dv0uQ6,3.39106675114
J9QEC5F7Ow,9.11705342317
uQQBu5BsSK,3.06007051683
rue2x4Pi9f,0.0159375517524
lmNbLKl6Lj,2.88888321695
8LTl6md64x,1.72491907372
5TbLPwjSP7,2.41261883694
LWQq64KQAE,5.16680663296
JZKSjLaG6A,2.32491682034
ySzAt5VJOd,9.41147416174
1fKq5uJkrn,7.64810683407
OfRvhVwZr1,9.62319941793
RhDIwcF2B4,2.31942304847
Uyt5IHfN6X,1.62070112626
q74x2AIm8m,2.47065146713
XPI3SZHb82,8.76650945202
2Fm2r6SRKn,2.28439659998
EMB98lbAOT,1.98135759531
I7mLRvtFfd,5.34105365186
xu7e7n4sPZ,5.26645345436
E33uUX3iUY,1.1201009735
TV6mjhfU9C,2.59072339928
lPAXg5yLLs,1.40600314114
ZkIHhQI1m4,1.70768168443
6UhEBtSKWa,9.5345351979
Nbj38O0cgj,5.49305716628
HzRwfL9131,2.16705893713
mPJ3KdknKu,1.40086667746
Fuk3G613Qm,5.12577508037
4AbfPDXjEm,1.9713253921
JeNOzCxf4b,5.13487979163
dvocND5dZT,7.74078108565
SlwCmq0yLU,2.15748439332
a4VvLhtIwX,4.50651943062
JFn6jYfxSU,3.76135405611
pwR6Ab45hW,2.7697988894
p1hZuw5vCp,0.662366853786
61NNKq3RVd,10.6085697038
81XNfu5CFA,4.03750181143
WuN98p4WtK,4.29885235843
eabYUn4Gox,3.10137685484
S3RIq0zQ7k,2.03478049911
VcGqdJnFxn,3.47537704442
BxMWdnilK6,3.53614420522
LDasKmyRiS,2.88125831325
hGfNBQnf87,2.65792246544
e4iTFwOFCp,1.88683177123
g6lIyoWkDx,3.19411972574
10TpaPPMgK,3.40671865548
OtgBF879Ol,7.17602384318
cXB2RbcEUX,12.7475111119
CTe3lvScQf,3.68540306224
1Wr3NM2CYC,2.10577102123
CUstRXMSea,2.5855869798
vD3AjrliD0,3.62959630539
PwqM9dD9dY,3.20544723653
1ubFV4qGbU,3.14790378958
hs1HxnHb5Z,1.83004148547
rYKoZyfqtN,3.51765296092
QJkyGAKROD,2.97179795789
6k7O0aEDC0,8.53890380478
zJkzIYYGct,2.00090914542
hpKi7HWOsb,2.57405414659
dlvQRVeqPx,2.45986540176
KZ98ABvlkM,1.85023308088
dKT15fQK2m,4.18612078978
o9rC3wPn1F,1.16795843569
XCgcraSKTi,2.26123920947
b1niHBbHCV,1.20790080127
t8PFGb7ing,4.41530827983
DpGR4V5bd2,2.23541117363
USOLkafNYb,3.46863887905
tzVPSi2oqb,7.86980858369
9VkYmXclQb,11.6003367015
0ItMTyfRkn,2.43056894813
7wLICwwFdq,2.75083934215
ukbbDXeeZ5,10.1339525386
qS3WPCIGIt,2.11484833662
gUok7KmfyZ,2.28976277015
rOcIY7Hvcd,2.26062766551
IZM22wbfyY,4.07924621895
pnIHLND7dK,5.26372153695
EfjBSeLY2v,0.226280224503
COqPmkIXRE,4.21386070056
xZ5gZiYpS4,5.54723025692
bgvpLF4IR1,3.04318154551
rJqbzIfLpJ,10.6328112217
SooogFN29i,1.97084734913
ncgLgg7GAn,2.02542460371
Q82IjSgpjA,2.23832106034
wKqFXYIMVt,1.86633015638
kg2vXzjOlC,8.66384657208
VqIO6vKNWG,3.48686642388
kxwpGSBhrg,2.03781293667
UuEiOLxcoq,1.68247069151
8VbR37nOak,2.21047145384
XiwBXw7vBy,1.82726905916
1OU9ed5kXd,2.17931952294
ANgEOaVlGJ,10.0170873187
drOGIHsXy5,0.831912517453
WGUXmxC6Ad,1.83527258802
JEgfGcTLF0,3.93157744573
wVtc1bsp9h,4.6960788267
nDUhIuB98O,1.58641744638
sfEeRxSm1l,3.70666907679
2UDpjFjEL1,10.2632005565
lNJPDx1MZw,9.10538112864
nhZeI7Ew1g,3.13207844951
eIKyWTlCne,3.076107431
vB0VWXpCbE,2.54076137758
OFYrLLQm3F,2.07220022351
jlhIAjUtoI,2.04272636079
s92DlfOafJ,3.10059693328
a7fRaaBdSz,1.26252200178
HEJInjAFQd,4.81591377087
kOlNYl4QHg,12.0355050327
2kHIHzve3c,2.8359358529
kyRal31Yjo,2.64670583072
EGiF5gtFfc,2.7922594789
nO7ui1msqV,4.07719537974
JJIFTpCblN,4.08956612279
AgJcAtA7vk,1.92115036445
EMVvK1BwYt,0.849336451774
OMWLriW1kY,2.79579261493
Wc735yWUZZ,5.81874034155
mneNqjhThz,1.86875733055
gTmHeh2W4c,9.50522674878
Rt1SFcvQuI,nan
u3YNIDy9wf,3.74394641007
lf6YKdf1Nj,2.80445488639
bOZKXKg4OR,0.74482393355
uH1t8n8xrf,3.68201654674
Qhdfm5SZaU,11.1731591646
AUAxKSXkql,0.157568288684
GW5UghtI8y,3.95400252221
u7QNUxK5vB,3.73219934983
3y6ewT5tTz,5.26594742053
5PJVifhVW2,3.27074930175
aFblTp1rKg,9.33240828334
uWxrfNHIPX,2.64157655554
Hnl2N7Rvpp,2.51442960758
oUgr8NvwEe,11.3947907384
d9YLouxUml,3.10824669623
h2nqmPyBOk,3.42451168198
0h6AgRhQex,2.2823377108
IfRGerFbtR,2.94441170539
jKBYakniYa,11.3764263155
5F2yWJqdc8,0.0222920283461
HKZ1oBdfft,10.2939340303
fRccfNm3Bs,2.08339494958
4MVhXmH4mv,4.10186668818
qKkJlbmopI,2.72992610956
FVx2aArlyk,2.29882394218
WWNOttarR9,0.919888324171
TepzVOnIem,4.23009146744
X87Qg2zZVe,0.35932828218
YpPHm4xryu,1.75475635436
7SLBS6pP2w,2.73608547446
ixl4oKAjas,4.81502336903
9S35OfoE3F,0.319527800148
nAVKqd2G1n,2.66823432477
S9HurrekHb,1.82364768603
hbJu3Bagwi,7.89731183029
MwW8ey195y,1.91480486667
2g7yPl0i2Q,2.09799691021
EYgpt4ElUk,11.8053273654
5bGxsCesAl,2.44978844178
OVuEkcFYZb,2.12985647757
QwGO1afkyT,3.31370300995
u7EEtZMPdZ,2.5990903839
XM1BGbfpBs,nan
nEYP2Cj5nY,2.94374379625
urs4D94v5K,3.65273567292
fY2cRKmbMZ,3.64362245421
PlvVb8RNP2,4.04093696509
JB8DOsjlgX,2.47916040664
mmo8Mlrjua,3.47638602282
fHaCukrMZy,10.3356909991
aB6RYF6lOj,2.8474224203
AS1gNhgvdO,10.5161753795
FW1xIO3hQb,3.7275864076
VJKylnI6MO,1.95153071906
RrEmq7Gx2w,3.80643335522
JVHa14WSEY,1.27398817574
EF3ID6SWra,8.10258246246
vH9o2Keldl,3.34059263523
T6VrS4vjqq,2.47123050626
5EtoSWtkgW,2.30884131714
VLfUoOz3ac,1.82991725571
N4KNXgzLrR,nan
tNSNXwZwqj,3.12547650227
t9URXu2slQ,1.65072484263
hBf3DXNMrT,2.89702795486
Dkw8gGfMZ8,2.66394404683
oWciZI8s3U,1.99141902195
HXE3ZDEDFE,nan
QJ7lsHdcnI,1.81955333135
ONj44WwJHg,1.46313815818
lKvqpEjlUm,3.64410417627
ycvKf8gAIQ,3.76099340761
9uWI3cceRb,1.94925979458
ILJbtEZJTq,2.5289355875
l5HtkZCn2R,8.25179857993
k9Ke8VkMkJ,10.5505965383
puXtCsGhEk,3.61101725343
kcfFfjDZsr,1.42286090804
j5nwfCT8x4,2.8444792286
CuA3VyohnT,11.0129388575
maAvg56LVT,nan
vnHozFqKfd,10.8062484564
mNezBKAawa,1.48059692316
PvN1seojx8,2.03209036571
xWYCH8rRwq,10.2525000153
GqivP6OAlE,3.27358313987
6Y0mxTpgjy,2.64116479743
dLiTPmDyD5,2.0695078398
IQy1KSNfQY,2.24070122337
Z7TlcmOQGo,1.05464841577
XMcRBPF8hc,3.90071209665
Vi5x7VxiiU,9.3472790655
KPklmdvXVe,3.29842445069
scGUezxN9K,12.1587816831
1qnJ62t6P1,2.92031533248
T1ekyYrZnp,0.0102168713836
8rOHDqeIK5,2.92069249553
5wDk7EYgGy,1.54435431192
zQNwY0tvwb,3.3552947712
sNpmbQmgnB,2.65196321594
wbcH0G162Y,9.66561109199
Eu6u3RWelp,1.96432523905
qwRoItZDcF,3.06691147585
QLaiG4Y5aP,3.90284745391
lbDizhxfX9,1.79500061207
l4JmL8V4EF,0.0436448620932
HBBqgX17ag,12.2772867043
8MgELNOG9w,0.643371087754
i3FsSvebsX,1.88468393021
YLUfALpK9O,5.67589511452
iJJL1ISqNF,4.08213473143
rBYeUbc2VE,2.01148447801
PTwuLmkt80,8.8288911542
cUBTgosnUB,4.18787720275
PeZgc6PaBN,1.63689961088
HEgYOoBtL4,4.56124044333
f71NvSJXgH,1.04508930919
kSAPOULpu9,3.87914745563
3gRtd6GkLq,8.54939211842
iLcW67BYdT,3.88623573283
MVgSv3R2Q6,2.91986323898
Bg596sqa1d,1.43425797802
HqURwVnwmq,2.03903463428
TrUZlTkL4o,2.97074771198
T84WDSD2gG,2.41415969993
DqlZRx98qo,9.48351850678
SqnAhAarw8,3.01067280964
R818cxq5av,2.70448054839
IkjsGVCSqj,1.35749839734
4akExlW1m4,0.473391043557
S6AhRx9DSu,4.7215110867
x8u4cDxFFZ,2.65518904884
AeBkfUPWLO,3.01112580218
b5jm8Jveil,2.45176645768
fPtyB6EFY6,2.5242229539
c0CwNWXicq,10.2735887705
EWtbcAiOXk,nan
o9wFC3dDBQ,2.22514614721
nNlQOUevmr,1.18377874622
Z61JyInBkf,1.50443799372
c1P8rqCna3,nan
IMXfnJTD5f,9.64585224124
9jeEPr1dfU,3.94879296342
7TR9HM1o1w,0.83390798609
HzcXwVjbOt,10.2405903362
7TP4DXWYjR,4.05664089103
kLNR8eNkpR,1.87012422535
X6NoAGHQz6,5.88787212574
Fga2yN1F9i,2.69622225972
GqTcVgkoHT,11.1533024646
6n8P9YN8oI,1.32841157334
RlRvx9GG8G,1.95330725522
Sdkps33r88,5.692301958
hieCFInK4W,7.67278644243
LxqaXZetRw,1.6198247463
0VUc39cJPl,2.71395106698
TkafgwCEgo,2.93537095007
21ZLNf9tKX,3.11180723081
s6WuhzZuhc,4.04530802621
VP5D2fxwxy,3.58324058599
71FbWdpmfw,2.89874343818
u7cuT45u4Q,7.97976087287
KaKae3b2H9,3.2409699073
6j5aFNYxui,3.67455258194
W0P7ZcQgVh,3.08771367219
27glHvcB4q,2.45694899052
KEmACxrTym,1.81823044558
mY6TtmA14K,2.89709824931
wxpFh1nvLt,2.62818232278
VOFXlIYSSN,3.34206339604
QUFZi4MrIo,2.70604956399
OCNYC26VrM,9.47501050211
6HVnGtj3dM,3.76541691054
t7qdVrtsDs,6.08647446591
agQ6QJqx7R,nan
Dnq44iZQsp,0.32920629318
rw9TSEtmOf,2.09704949648
U5LKrCcFQS,6.50155032099
P1SjFKUnRW,7.92901894077
xUwYrLvJls,3.32095261589
qQaLWGdMFk,1.89025081723
mCz3AxkVA5,9.59376387796
dRoxwrYQRV,1.40543051875
TwRTHwdmiJ,3.37224998617
beghQWN1Yp,nan
DkrDgNVRge,2.69764153279
nqT8P7ZUlT,2.61563170154
Zkf8YvMhLa,11.8897466406
4dESrfcl7W,nan
hy4HLMUKUR,4.18180703724
lhtfGjQFrq,3.15187561818
8Uv296hhSE,2.66287184847
cem6HIm274,1.2615104128
B61N31gAod,nan
14udtRfN2b,1.54350987281
8KTSTJKY6Z,1.51447743642
a9ipIxbYZk,4.18200039744
MiWTGXGNu3,3.39786217046
LDoukVErOM,0.0158988273962
qLWd9gRo7h,11.2959628696
LG4d9k7noc,1.41054132076
eUriFMmfkg,4.34925993394
AZAuLtgREI,2.20760786172
aTv7onqLob,2.33405377356
oiWYTf390t,1.78115370533
1KmkwY8Deh,2.93797171559
D1LsmohHKe,2.9895579503
Mcl6UJxbuk,1.83958697709
shqcmYjNt3,3.41999518659
WOresfsOMC,2.88950862235
Zq2lDbM7BH,1.07670034533
uJUZoo6L82,0.887604351657
26b5HD3syx,2.48066258539
feKCCnqFxr,3.47674928898
SBfftCLhqS,3.10234361544
64HTxVaANy,3.23273232653
rapb3VUn9u,4.04026447587
1S1E1eGm8O,5.33561921313
YJ6g5rlXlu,6.17054326586
j8cBzhrWcH,2.40358590543
4zuV6vSVmy,2.86006485507
jA5pTqiTEa,2.69283974353
QJDXcPuoSj,2.3735049267
QMUCvwB552,0.534421034774
ApfCfPlcWT,1.77153372839
DTFin5MqLN,4.56945136184
hqKuaqSehC,1.73223618644
gSuVgpqWaz,1.98135759531
ofIYdXwJnc,nan
U7o6cGb55a,3.25657859007
EYyrmEo4X8,1.38179951081
JjdTHKYGgt,2.89407004405
AEAyLXkDGf,1.84465921767
tqQdsytSqW,7.18528068077
Ns1owfAyix,1.65496228177
MTHKVRxpQp,4.20442819493
B6YeXsTLWK,1.30248140565
Rz0pS9Y0Vj,0.78562275599
we4vb8x5KA,4.52907432842
6oQTDQfB7j,10.3851673679
EZRrM7vuvJ,1.71669706816
GUqoaiVCLY,1.75566028392
NkduSMKXJQ,2.45564285124
HfPb3k6fsT,4.37111722074
d5BMHAu9Do,8.38655245829
1tFrqVb9Kj,3.92173947471
CK3GaRjs6X,2.07620065273
iEo6klxvf4,2.05963137606
WedpDG8kl4,0.0424839510719
6NPlNqK3fq,1.9739618338
W3Ki7p1Waa,0.73426426519
rqG4i1NEXf,2.70171467978
BFRAtPwS34,3.9539044035
gbINnSpoJa,1.64411267646
exxt4YSxwH,2.46257973298
7l3HAMc4Do,nan
mQulcmIR8a,2.34328237381
JiMNZVrfrq,14.5365559953
IRifGsvXJv,2.22951394452
Y9RWkwdLCH,nan
vCoVbjK4uY,4.65343394627
cM2i8u1lXn,1.66866308841
Jx6yfAulYa,10.5781845824
kdlgdPuavi,3.08741971994
JsH9YHcLFo,2.79652856453
DpE3FJYZUF,nan
erbQLn59KA,3.57512921691
85yKH7xm2D,4.30251944624
PB1mHsqRaz,6.14599468581
CT01vIwJJy,3.15721920526
NCfRVHBl5A,1.6032919854
0tPRfYZh6Z,8.98100469695
3zbMNOrQVa,7.97728986016
IlSrDCRj3u,3.67771057942
wxHx7tuwxV,3.67970352133
ih99L28FUy,1.46169390365
PtUWdb5li6,9.64445600233
CI26Kf3EXP,3.30251601999
QkdubUZYDK,8.85802707244
uFHOuWqY6u,1.52714997749
qWAKx7pl4c,1.9110440516
R7fkwIwC2z,5.29122922969
7nr8hpiF2G,8.52055332175
GDBYTL45xE,5.38010213371
VHqi7mdnAa,3.02625275991
YXBwLcxe3m,10.7285191314
PuR61wPqVS,11.6361424825
suNaIJjPgF,1.78737183151
j8ULc2IRfn,3.00510768121
tIvp8DpZUg,nan
oQZcM0FgF5,2.06700126991
o6g4sXB9VC,0.565983509172
Jn5NfKZ6RD,3.22159744201
Vy35HwZt7H,3.91665356639
Aid5bgy3Eu,3.77912046411
oTaJOb5nq9,8.58700920751
e7Wmp5HfQT,2.71766520099
H4rWkXFoas,10.7615644088
GXfWhGoWo4,7.85595760289
75YSG1Y7Qa,5.00101379654
9vwP91OlpI,1.60307523594
8Y3dg4oqi1,7.67068704283
BauOITpXDn,2.50264538606
H1bYSDxRKw,1.57635193117
uipYwAk2xK,3.5872743801
UBEkZfAoy6,3.46806476089
9Ad8ROvPA4,6.31178200705
fDiSftjdPP,9.32119657156
vbdCzl8Pud,3.79356959625
WX2nrcxys1,8.7290518374
q4Ix2qRjyX,8.43442799021
MlODRBuRs8,2.66357406917
iYnOYx058Z,2.88515335297
5qbW8TKJ3Y,1.54464324318
pfYrIbKq51,3.87041581503
IMhwfS17E5,0.0103266582109
ypDl96zt4j,10.0246390251
wMH4AfJvZ4,0.431513964085
xSQ360cmgw,1.91949294326
aMPuGzlieS,9.06991260104
Nc3UZsPlOq,8.3493142986
tNt3fPJkMe,4.19047541102
awjH6XNv4O,9.62904471011
Q9TCXCmWTc,4.03136718991
hoaEEGwS93,2.50814788724
QvnPnTl5lB,3.15321623377
bwTo2yUz9L,2.77811356882
EHI4sLYO9h,7.66247517694
DqSTQJG304,9.99021024933
IyN6q4Ah9M,4.50381823265
dTiPNfMV7L,7.84000693199
hVI5vB2JLs,11.0232301382
BPxqDggswg,8.48303237318
mqC5VgxApg,2.02360170284
X8meUdRNlc,10.9532865217
m6uweajg16,3.79730628505
d4AFbe3gur,4.53977539897
2Vpj1qGSuN,1.75962905987
d9uqCI1E2B,3.20534198449
X9Md9XWZdn,2.71618911097
ZBIL9cbfxY,1.86680464504
5fD3NA2jAX,1.54781111376
XFdEKC5nZg,9.05010514581
doxexj7qan,1.91001809139
pJFQhsKEoL,1.98929874408
ppqfmh0iDl,10.0044506374
RyJwmgPV9E,1.10793820672
CvgW1XR461,3.33022838031
iwGZqndgm2,2.37987263953
3oEgHUFIOI,2.91097087971
d5xPohU7nY,3.06674575268
WEtCnseKwV,5.1112892798
2c3D1hLK4m,2.81123787906
hi35JlXpcj,1.47150886709
GUYWlHGrK9,3.62308582038
uTpHniTQxt,2.33973658429
RyfB2nZ2QG,1.38988170324
AO81ng13IX,9.9817394072
S8d9CWgMfC,nan
HhGO9vQ9Vu,10.520432128
LfC0garEVH,13.5140665469
kp6pCvlHaA,8.4495507245
9ATB90Uyd6,1.55001302798
bv3MEjmoTq,1.87115784858
Gj7wouCVRU,1.67365268492
GRxNsiUdpc,1.1566528386
Fi7yUscQQ8,2.0120278095
zODRaYIkZb,1.6782829665
64ymHnzwOP,10.9548488667
RGtWqAuP8o,5.88881843259
6MrgYdUkbS,4.74522460956
F0Qkeba7EI,5.17691862562
Bxfld5zAoE,8.93755104817
NHyQagvNxl,3.1438859283
JfgAITi2qc,3.32815350964
IOktFU1FkV,4.25383526607
AmZJ3FSTk7,1.34580465037
DK8aPomEP9,8.56796540202
iu3JbkGnyw,8.95597662381
Wy5sjOSOjq,9.81402739589
9jyabLhXGd,3.81973267155
NlJgOKKbij,3.53287648113
QVdQRpfttd,nan
iot0GXrhWx,1.5291954121
EFjOFUsKBa,5.59418211228
XeuuIWfJSV,1.63449550481
DbWeujP9O3,3.59856310824
mIOh15UPK9,0.0312184822053
p2L4tCZVMt,2.92218702499
q2Gs8aZBo7,1.2564737499
yIBr8ntIFH,1.83110233529
9Qows7fi2B,4.08510728775
YCPrawRalY,2.1088010935
52F3Bp20LZ,2.43153731619
Dr31Qm9KiS,0.636638319411
WTwW3YDRQj,1.53398282428
PKCYc3lU7W,3.42569951875
fw9zar2kWp,4.44160813819
lHDOtskgvw,0.487332198711
jPYG4T0TcO,1.17397296647
rRHAJGjVnZ,2.19106109348
KLNJNglkMC,1.49217830104
8hjk9UfLqL,4.95031324962
kwb7UZhnbu,2.35162785323
O1nbYR2UGU,3.58672812598
9EvlZ6c21b,2.1773938084
erI1AYphJq,5.32947188329
mkbUpzlwQM,nan
qIvIs9WlnA,3.61433777456
zSub2bKvLZ,6.77796813917
dbhG2MxPSB,1.56638429396
esaRxjSgUc,2.36851359276
4sxjTHQlOo,1.48304663457
FBywmD1yGF,2.40042876905
K6Meg1gJ4x,5.09195143119
iIulJZ0lXQ,12.8953920654
r0UAySFQxO,3.13656448174
bNTEmujhp7,2.86833998271
wvmsoGXtBC,2.89814539352
l4H25tqRx5,2.07823016766
gwh5OH7Qaq,2.38419366719
1jjVMmey64,4.16829616614
DUh67tvou7,2.93865808813
u08rFKusW6,1.18197838782
TuJ7hoRxDE,1.17764793085
Ssi2bZVmFd,1.75459172785
xZC5YrhcaY,4.4177693264
3MT29pBWp6,10.3693637876
4MAd6uvFph,4.39637790868
B8cCJ9H7Lg,2.32182277696
w1l7RtyHLl,2.51500115111
LscxfWdIq4,1.54398408649
UMP2feN3ET,0.0689532407937
i9GWlhCWpV,7.56135258199
RbIVDjEfNd,2.34348316275
cCEzaXqdyL,3.34713203514
BDrIpaXEva,2.92290401927
9T1axE1dO8,1.04053578455
UYbQOwfSF7,4.05530398799
a3WmgGlnj6,3.46681300763
EOft3IjGHg,3.81116271771
3GAj7vhsnJ,2.86295209737
KBipPQI0ua,3.23526789619
HR5j8gvOwW,1.87875955703
FDKeqBMkIi,3.25383590759
KTtdPfhoK3,3.79958554775
hfbOK6XKGC,4.82874531535
5EkCsrzvkP,3.84233213466
27GLfEeUuU,5.81745444552
YDsvOr9YcJ,11.1008684602
VND4VAVNvd,3.0562994639
gsOHzpSg4j,2.3731988937
MzkrXpfcDh,6.55108536337
xnL97HXF6Z,4.05982929507
26qe4VBhn2,2.6181098307
5sIJuXdT77,9.82553768784
hyk1tnCUUA,nan
gOMAdnD61h,nan
YbNXkHcGa1,11.1325973629
6vufiSbCjD,3.41721634649
7VKLZAEOC6,3.77341639124
n1CxzJ7nw0,10.2299216973
NLJQMPzuNl,2.28718732727
DA84Iou25w,5.90246181709
vplI5dnmRj,5.97979341614
oHdC5LuwNE,3.32819053874
TSUKrH5AoV,5.46753538836
onVYaHgZM5,0.973414134855
xf41tHNgoE,10.9189085701
4ANFHEy654,3.69428151878
KPOoJqANwY,1.10076393616
1ydI1iCr9A,7.83966001091
b0wyxyseJX,1.74293339064
AUCB8dVuFs,11.0375117776
McfXTmLN5a,1.9711278308
xM2erMsLPR,1.86433999025
YpstwGqeWk,2.23107633047
kvnfbW9Djr,5.17090993691
HQ6LKI9TFB,4.05527225171
aAxLGBpDmu,2.13278407348
07kNuBSAXl,3.42576542663
ukgQ6liBPv,3.33408250716
rmWPfiEs6n,2.25871962137
otgVKET3YS,3.23251510255
FvztJqd1KL,3.53549058832
VQscCph1BV,3.35998468352
c5HmZj1TVO,3.2059601979
srAzfXKoGE,11.7167819517
ndrg6zQpgg,1.76347871743
Dnab03YCPR,1.52671699152
Zjqa03CWNn,2.23998241782
GP4On9Ddye,1.12174736478
q8JoJ9pbs0,1.70594325953
CEZDPpo5fz,1.63863724162
jwbVSVSoyb,0.413541240544
ONjCpU2bnL,2.68946840265
XMdRbR7miO,1.74280109762
XfsQElNM1j,1.21928528007
NhoXQk5sBF,2.80141427912
WT8iYUoLCG,2.31298642375
QRVeApSch6,2.18387425108
Uzrwj7HEui,4.84715788114
ZnnbRfk7IB,9.19788013515
wfSxKLKDgj,5.00876605079
otPJ6LGHQL,2.65210176815
BJi2YGarc6,6.68556550223
njlka1Zofm,2.05945359818
52eWJVWJvd,2.5334090524
gfmsqvTY5y,4.95193124578
IbxrJaxiB9,1.09506923266
xEtzKUJRyS,5.18403470952
3d8Eom9ESU,7.85470774377
nLtL5DgHI7,1.32422511464
2CGvLO3SNc,1.52170692672
xxaoTdga2N,3.07534233042
lj6yBrR6Hq,4.36447880892
oAUjEs9x96,4.29344153189
wAM9FaxGRE,1.64060695815
Zv83QMSlnt,6.11500223529
ZVr1WeYKGt,0.00874412085589
uv7aQvyPyZ,2.89886148649
nuMfs6mAKi,9.31039585315
B0N4iIWoDT,3.03813343887
zX1Hohh6jU,3.11662168631
8xWUePaRZu,3.20107103058
ZBO1zguZtX,12.3739015325
vqxJETUlRZ,1.81721831034
W2g5YpTNbS,3.00646271648
VCjXtLI5Tk,nan
NCvpI1QHpr,3.00541778818
DB8VXvxNkH,2.56337763919
HimIbwGCAK,2.20246798835
2vNFwNlpvR,4.06043710242
BqJrVcwkZl,3.68254681661
cshWJdToQN,6.07683098561
xRtQ9kK6mJ,2.62237540715
E3ZV3LeiyD,2.90619696259
MoYNmplqXC,3.02672697071
qR3nuqXev8,9.90543409105
vbV3HE9Zk1,1.83705207836
yPKXy6lI4Z,2.80485779936
MJoOH1EygT,2.42098623899
qiVuMdfTRU,2.23722318621
QhGofTrHlg,3.18362048079
cRxbV8aFck,3.23962878933
FYBGXLRQL8,11.4425957824
rOeHeusldf,3.23851529818
Fc5mK43LO6,3.01676712184
WAJWbKop0t,3.21148455388
pQycBZclOI,1.17969658082
P2qRJlglbk,4.01243954805
6SYwPLBEsB,4.69720580547
EYEE33vzva,2.33824065978
UL8pBp7FCb,9.77105764704
g1HVSviebf,1.54902531408
RIdhA6YByW,8.70205279511
ignkXi3xtZ,2.81608053982
aPGdSXcWP7,2.88669393491
xpvrj1xCTP,6.99730658653
jM8YDlm3dR,1.63382758534
ZEAYfn2QLa,3.41856700753
PiVqYnmGyc,2.30256745887
VLa4MHrH7e,2.08355601587
WwY8wRrl84,2.42353205955
1MHAC14LVV,0.650432820834
BSlUkZEuoe,9.4280505354
LOhJffKyvC,2.13012633421
9KguCdLXQU,3.70594660305
bZ18RhJ62R,4.32471651927
3bG75TRubt,0.0113500498774
wAUuSL36Nl,7.29239893342
HwromCj1In,7.75275160002
1UkkB7TgTz,11.7963140869
l8aZDK7sHa,11.469400031
1kOvangikL,3.90305836606
7UfZySW4qU,1.63014734051
CFhTLiZbHv,3.87445075877
yMX3QuZuQl,3.3045077061
O5I2uVI3G4,9.03087349239
BZrbQP6GS5,1.4375514934
iGvoPk9wek,2.99096820746
IaEm6jtNGT,2.2491490512
xUGcEoWbN4,0.755865656232
vH3hNX1L9u,1.40746554284
njg6VIpY4F,1.94851170315
MgRX5vlG61,1.29032197044
CsTRKomdqD,6.7344624596
b2zroGkqeV,3.35328992124
3x1ZQrSfTF,2.27750150682
zSXQdSVnLx,2.10241860619
rklHcME4wz,9.0203798336
WIbopqycbQ,2.02215957606
Mxt9877yZ5,2.81328037284
f9ww4a2plU,2.66482568242
IAMRcZ47nm,nan
FnZXgK7s89,1.15180731374
h755EGJVLx,0.473391043557
ILQlX0gdI5,10.0831557037
BxVD3ozZec,1.01672562293
2L6A4OdblG,12.9194903199
Li3SJWHwXd,6.82485313738
hUaqk7zFUS,2.10011731109
PlthnoD5rS,2.5339940991
GreuKvRQnS,7.77420936162
HM2pISH45W,4.69525629971
v9eUDlDYJJ,3.98560946703
4TgKoMYUrU,7.34387098362
c4KW3aTZw2,2.95055179459
jpLO2agouk,3.73377461822
bpczAHROtD,3.16470166557
bVhVwaoxRh,1.4229157285
GXDjWX4qkl,3.7530546467
XJYmVsttBK,2.45096382411
yKPwPfiuxp,3.21031210211
AHKskZp9o2,12.0407070246
jB44jPpa9f,1.81532213869
TBwmuA7NaI,3.61297783398
kz8ciFPL3Z,3.44479706631
LMct0IWP5o,2.92014794402
K7YhHQX7BA,2.17438059021
IM1sBVWr6Y,3.25069094987
jFV4RhrIwp,1.94468711632
dLdCHLEZIM,4.27984806104
3C4sQ2hQXX,10.7160624867
JV1wc4NDo1,1.03025198097
AxXPxJwJsK,4.19670050445
syOFuhPHHW,2.69782303836
Pf26bJ8U9i,2.72926030447
2b8DTW7jjb,5.27467439047
Yk2Brq1cZs,5.32676452663
CRH9xLhBm8,4.86570588299
SxjOR2dsJb,10.9885387442
tjeWi89CfS,4.53028300924
jQsYsw8EMp,1.40507969455
gMNsF68SU8,2.08586426511
JfoQeDDevF,3.41347484481
LPR5thLLqA,9.25031189508
jG3EDMmXqY,3.37954771602
jUgIYO0UBQ,4.88589694367
vRjAEqt8EB,10.2651534957
GkUjxmhoGO,1.82684222058
RLXpWcMECd,2.78009954332
2wSmo1cUdq,3.4979759133
VszLQQ6WJH,1.15295359297
jl8tiTXg8a,7.62268356937
m3cAZeDwXn,1.42458524726
o31pdCbJFR,1.21796193117
IbmbeXQFA4,2.49945441192
WQoqeEoqdx,6.76818819763
iLtB5Prti5,1.56893115204
9GHRdrRz65,nan
GAFrSq2sxX,3.98140985126
CtbUtt3N6t,4.87940696636
5le6LcJMGi,0.950553126119
g6llLqBgTu,2.52792412556
6UhhkDkbTM,2.75341568348
SnHEK3n96D,3.64081204799
Tu5etpTsG6,2.99216470703
U2WUgj8e7n,5.14025964025
duIPBtmPxj,10.0727316276
xSZTTKeVlA,2.18064240277
7QfYNSjfpC,0.106948598662
1csiuS6uwI,2.65495182833
shpP6VKAgZ,3.27828243132
MXv8cBsCBL,3.9083193126
1PsFdvIZvE,7.56220789235
9r4fHolrSe,1.32907044024
tKoYj8tvJy,4.17199729234
vGagWwrYJU,3.22413848456
2Ib1jTi9Ng,1.11305405704
LMQAUxNVNa,3.529459787
uIwTojk5a5,1.98776897302
AU8FvcW7vJ,3.3999000753
ZZsYuujI0H,3.58496649057
5ngVfUArDC,9.34438933107
KByBqXoLHR,0.475678846028
1eNuph2esP,2.2498637818
bq9PvG2Kpq,10.1107951586
Yjyqk9Oaqh,3.29298240006
sUAdo7Pq0o,2.39057190097
uLuxU90GPE,3.1504195475
yLk47lonio,2.92062379538
VvGO7jrKH8,2.17041275341
0BdLAqSuyQ,2.97316100389
MJsC2RyLoj,4.89276281786
DW6k7Z881p,2.04799351752
kJy2AcKyrJ,8.55768380118
CZa7i3kM8X,1.89758666544
WK7JTfqY0S,4.22367229737
jT9d35x93g,3.24613805465
ey09mLGtPQ,3.06749512749
HpR4eL24nM,1.80877761893
gQXRIBbU9o,2.41834787288
qCzfw7zjmy,4.01114302409
KxJYxJpgod,1.27225721503
Wj6DTp7gn3,4.93897052293
0hsmyXU25Z,3.03426068707
arP0p6ul8t,1.79405648984
JrDx6cp7GV,2.72149624991
dgbjwuiJtQ,3.76853354026
3HPCtSHsbK,7.89731183029
Yw2gguN3Ip,1.22527346832
GhujvKh5Jk,3.94025757761
2ZEc6qb1qf,1.13271585887
OAxUgxaKkx,1.99934551715
E2AxreMxDJ,8.28330380922
Ktb6QAgEHB,2.17387194648
jqVhvETwrz,6.14091674709
OJLWtkLgyk,1.84169770275
uII8NhifdO,4.19579590539
tlIAbwcTFP,4.11899986029
1JIyUaMRXi,6.35336881816
2k8FCjoUUO,1.36175030379
v48fo3ri4n,2.69935798202
bQ31dKYOdS,4.14004006207
spfDoDgZPT,2.6796991326
Jcct4adWH8,5.04789054655
YjS2xKJPxx,2.52051104806
rkTNIzMorP,4.69688213727
iqfWFETFJc,7.85683412337
fX6pwTJHJE,10.9119906178
JY0xmYx4Lh,5.56855632931
OrYeJ6lYXZ,4.60735208343
8XGg6vQTOd,2.63939248327
eRteHMoqNK,5.453319836
6rBOUEBAF8,3.34571422934
kbGsQ3gjzM,2.56480603283
Z99p4W2TIp,2.73369139887
AlvKP2FLH5,nan
XUDaJYEuaa,3.23940372349
GtZ45KcxIh,0.0229099204441
mOhV6Riq3C,3.83458634284
6jmoZloAaX,2.30425347252
v1HKJuRs46,0.147233979393
ZqbprgZrLz,12.3268338022
hs1gcZoeie,6.40088531982
1JK9pr5nFp,0.956676342578
buThTnL9oh,13.2351815729
c4Xpoe4NLL,5.26228230165
iHj5h7ZLKd,3.50771471926
v6Nw2tgKeo,0.584570999992
LzV3IfmmZb,2.8846128833
T2naPlLdzi,2.86889759617
t5VadTK6tP,10.7229351521
Ic5eYEWpcD,10.135485377
moUTZJPqpM,1.39568124445
